5001	"Iron Sword"	"Great Sword"
5002	"Iron Sword+"	"Great Sword"
5003	"Buster Sword"	"Great Sword"
5004	"Buster Sword+"	"Great Sword"
5005	"Ravager Blade"	"Great Sword"
5006	"Ravager Blade+"	"Great Sword"
5007	"Lacerator Blade"	"Great Sword"
5008	"Devastator Blade"	"Great Sword"
5009	"Exemplar Blade"	"Great Sword"
5010	"Grandglory Blade"	"Great Sword"
5011	"Chrome Razor"	"Great Sword"
5012	"Chrome Quietus"	"Great Sword"
5013	"Chrome Hell"	"Great Sword"
5014	"Chrome Heaven"	"Great Sword"
5015	"Khezu Shock Sword"	"Great Sword"
5016	"Khezu Shock Blade"	"Great Sword"
5017	"Khezu Shock Full"	"Great Sword"
5018	"Blood Sword"	"Great Sword"
5019	"Blood Shock"	"Great Sword"
5020	"Santoku Reaver"	"Great Sword"
5021	"Funayuki Reaver"	"Great Sword"
5022	"Toad Bereaver"	"Great Sword"
5023	"Millstone Bereaver"	"Great Sword"
5024	"Rampage Blade"	"Great Sword"
5025	"Rampage Temperline"	"Great Sword"
5026	"Brazenwall"	"Great Sword"
5027	"Crimsonwall"	"Great Sword"
5028	"Cragscliff"	"Great Sword"
5029	"Cragscliff+"	"Great Sword"
5030	"Cliffsword Titanius"	"Great Sword"
5031	"Rugged Great Sword"	"Great Sword"
5032	"Chieftain's Grt Swd"	"Great Sword"
5033	"Schattenstolz"	"Great Sword"
5034	"Düsterstolz"	"Great Sword"
5035	"Verhängnisstolz"	"Great Sword"
5036	"L'Apothéose"	"Great Sword"
5037	"L'Éclat"	"Great Sword"
5038	"L'Origine"	"Great Sword"
5039	"Usurper's Storm"	"Great Sword"
5040	"Despot's Blackstorm"	"Great Sword"
5041	"Brimstren Drakepride"	"Great Sword"
5042	"Brimstren Drakepride+"	"Great Sword"
5043	"Stygian Acedia"	"Great Sword"
5044	"Demon Rod"	"Great Sword"
5045	"Great Demon Rod"	"Great Sword"
5046	"Great Demon Hot Rod"	"Great Sword"
5047	"Demonlord Rod"	"Great Sword"
5048	"Oppressor's Forger"	"Great Sword"
5049	"Orcus Tonitrus"	"Great Sword"
5050	"Ludroth Bone Sword"	"Great Sword"
5051	"Ludroth Bone Sword+"	"Great Sword"
5052	"Cataclysm Sword"	"Great Sword"
5053	"Cataclysm Blade"	"Great Sword"
5054	"Cataclysm Blade+"	"Great Sword"
5055	"Bone Blade"	"Great Sword"
5056	"Bone Blade+"	"Great Sword"
5057	"Jawblade"	"Great Sword"
5058	"Giant Jawblade"	"Great Sword"
5059	"Golem Blade"	"Great Sword"
5060	"Tiger Jawblade"	"Great Sword"
5061	"Tigrex Great Sword"	"Great Sword"
5062	"Accursed Blade"	"Great Sword"
5063	"Veined Graveblade"	"Great Sword"
5064	"Veined Graveblade+"	"Great Sword"
5065	"Deified Grisblade"	"Great Sword"
5066	"Dios Blade"	"Great Sword"
5067	"Dios Blade+"	"Great Sword"
5068	"Demolition Sword"	"Great Sword"
5069	"Myxo Demolisher"	"Great Sword"
5070	"Lightbreak Blade"	"Great Sword"
5071	"Executioner"	"Great Sword"
5072	"Executioner+"	"Great Sword"
5073	"Enforcer's Axe"	"Great Sword"
5074	"Cera Cigil"	"Great Sword"
5075	"Cera Cymmetry"	"Great Sword"
5076	"Valkyrie Blade"	"Great Sword"
5077	"Sieglinde"	"Great Sword"
5078	"Titania"	"Great Sword"
5079	"Blushing Dame"	"Great Sword"
5080	"Blushing Dame+"	"Great Sword"
5081	"Brünnhilde"	"Great Sword"
5082	"Auberon"	"Great Sword"
5083	"Auberon+"	"Great Sword"
5084	"Pale Kaiser"	"Great Sword"
5085	"Red Wing"	"Great Sword"
5086	"Rathalos Firesword"	"Great Sword"
5087	"Rathalos Flamesword"	"Great Sword"
5088	"Rathalos Gleamsword"	"Great Sword"
5089	"Rathalos Gleamsword+"	"Great Sword"
5090	"Rathlord Gleamsword"	"Great Sword"
5091	"Rathalos Glinsword"	"Great Sword"
5092	"Rathalos Glinsword+"	"Great Sword"
5093	"Rathflame Glinsword"	"Great Sword"
5094	"Thrash Sword"	"Great Sword"
5095	"Thrash Sword+"	"Great Sword"
5096	"Thrash Blade"	"Great Sword"
5097	"Thrashgash Blade"	"Great Sword"
5098	"Jala Blade"	"Great Sword"
5099	"Jajala Blade"	"Great Sword"
5100	"Pavaka Blade"	"Great Sword"
5101	"Jvalayati Blade"	"Great Sword"
5102	"Immane Blade"	"Great Sword"
5103	"Immolator Blade"	"Great Sword"
5104	"Scylla Blade"	"Great Sword"
5105	"Scylla Razor"	"Great Sword"
5106	"Scylla Shear"	"Great Sword"
5107	"Ebonscylla"	"Great Sword"
5108	"Webbonscylla"	"Great Sword"
5109	"Vile Serpentblade"	"Great Sword"
5110	"Vile Serpentblade+"	"Great Sword"
5111	"Fanged Serpentblade"	"Great Sword"
5112	"Deadly Serpentblade"	"Great Sword"
5113	"Poison Serpentblade"	"Great Sword"
5114	"Snakesmaw"	"Great Sword"
5115	"Chick Decapitator"	"Great Sword"
5116	"Rooster Decapitator"	"Great Sword"
5117	"Sentoryu Raven"	"Great Sword"
5118	"Sentoryu Wolf"	"Great Sword"
5119	"Sentoryu Crow"	"Great Sword"
5120	"Sentoryu Pox"	"Great Sword"
5121	"Garuga Engetsu"	"Great Sword"
5122	"Hidden Blade"	"Great Sword"
5123	"Dark of Night"	"Great Sword"
5124	"Dark of Night+"	"Great Sword"
5125	"Avidya Great Sword"	"Great Sword"
5126	"Plesioth Watercutter"	"Great Sword"
5127	"Plesioth Watercutter+"	"Great Sword"
5128	"Plesioth Lullaby"	"Great Sword"
5129	"Plesioth Lullabane"	"Great Sword"
5130	"Plesioth Lullabane+"	"Great Sword"
5131	"Plesioth Pelagis"	"Great Sword"
5132	"Frozen Speartuna"	"Great Sword"
5133	"Freezer Speartuna"	"Great Sword"
5134	"Xiphias Gladius"	"Great Sword"
5135	"Kirin Thundersword"	"Great Sword"
5136	"King Thundersword"	"Great Sword"
5137	"Emperor Thundersword"	"Great Sword"
5138	"Red Pincer"	"Great Sword"
5139	"Great Pincer"	"Great Sword"
5140	"Violet Pincer"	"Great Sword"
5141	"Grand Pincer"	"Great Sword"
5142	"Vulcanis"	"Great Sword"
5143	"Vulcamagnon"	"Great Sword"
5144	"Vulcatastrophe"	"Great Sword"
5145	"Vulca Vendetta"	"Great Sword"
5146	"Berserker Sword"	"Great Sword"
5147	"Anguish"	"Great Sword"
5148	"Consummate Blade"	"Great Sword"
5149	"Doomedge ""Hrunting"""	"Great Sword"
5150	"Cheda Blade"	"Great Sword"
5151	"Cheda Blade+"	"Great Sword"
5152	"Seditious Cleaver"	"Great Sword"
5153	"Rogue Sedition"	"Great Sword"
5154	"Swordscale Shard"	"Great Sword"
5155	"The Lethal Graze"	"Great Sword"
5156	"Wold the Just"	"Great Sword"
5157	"Dalamadur Blade"	"Great Sword"
5158	"Dreaming Dalamadur"	"Great Sword"
5159	"Emperor Frostsword"	"Great Sword"
5160	"Frostsword"	"Great Sword"
5161	"King Frostsword"	"Great Sword"
5162	"Akantor Broadsword"	"Great Sword"
5163	"Akantor Broadsword+"	"Great Sword"
5164	"Ukanlos Destructor"	"Great Sword"
5165	"Ukanlos Skycleaver"	"Great Sword"
5166	"Fatalis Blade"	"Great Sword"
5167	"Black Fatalis Blade"	"Great Sword"
5168	"Düster/Éclat"	"Great Sword"
5169	"Grand Shamshir"	"Great Sword"
5170	"Eldaora's Death"	"Great Sword"
5171	"Monument of Lament"	"Great Sword"
5172	"Ostracon Oblivion"	"Great Sword"
5173	"Flame Fatalis Blade"	"Great Sword"
5174	"Fatalis Legacy"	"Great Sword"
5175	"Rusted Great Sword"	"Great Sword"
5176	"Tarnished Great Swd"	"Great Sword"
5177	"Ancient Blade"	"Great Sword"
5178	"Elder Monument"	"Great Sword"
5179	"Eternal Glyph"	"Great Sword"
5180	"Icesteel Edge"	"Great Sword"
5181	"Daora's Decimator"	"Great Sword"
5182	"Daora's Deathmaker"	"Great Sword"
5183	"Worn Great Sword"	"Great Sword"
5184	"Weathered Great Swd"	"Great Sword"
5185	"Epitaph Blade"	"Great Sword"
5186	"Epitaph Blade+"	"Great Sword"
5187	"Epitaph Eternal"	"Great Sword"
5188	"Teostra Blade"	"Great Sword"
5189	"King Teostra Blade"	"Great Sword"
5190	"Teostra del Sol"	"Great Sword"
5191	"ホウマノツルギ"	"Great Sword"
5192	"テンマノツルギ"	"Great Sword"
5193	"真・轟断剣"	"Great Sword"
5194	"天地・轟断剣"	"Great Sword"
5195	"キャプテンＪブレイド"	"Great Sword"
5196	"キャプテンＪバスター"	"Great Sword"
5197	"仁剣【侠客立ち】"	"Great Sword"
5198	"Universal Chrome"	"Great Sword"
5199	"Black Belt Blade"	"Great Sword"
5200	"G Blade"	"Great Sword"
5201	"Commemoration Sword"	"Great Sword"
5202	"アモンの剣"	"Great Sword"
5203	"Iron Katana"	"Long Sword"
5204	"Iron Grace"	"Long Sword"
5205	"Iron Gospel"	"Long Sword"
5206	"Eager Cleaver"	"Long Sword"
5207	"Devil Slicer"	"Long Sword"
5208	"Wailing Ghost"	"Long Sword"
5209	"Grand Wailing Ghost"	"Long Sword"
5210	"Wrathful Beheader"	"Long Sword"
5211	"Rightful Beheader"	"Long Sword"
5212	"Stahlfakt"	"Long Sword"
5213	"Stahlrecht"	"Long Sword"
5214	"Stahlurteil"	"Long Sword"
5215	"La Justicière"	"Long Sword"
5216	"La Loi"	"Long Sword"
5217	"Le Décalogue"	"Long Sword"
5218	"Crab Cutter"	"Long Sword"
5219	"Daimyo Cutter"	"Long Sword"
5220	"Daimyo Cutter+"	"Long Sword"
5221	"Hermitaur Slicer"	"Long Sword"
5222	"Crimson Scythe"	"Long Sword"
5223	"Crimson Scythe+"	"Long Sword"
5224	"Monoblos Scythe"	"Long Sword"
5225	"White Mantis"	"Long Sword"
5226	"Weiss Crescent"	"Long Sword"
5227	"Ice Blade"	"Long Sword"
5228	"Ice Blade+"	"Long Sword"
5229	"Edel's Snowflake"	"Long Sword"
5230	"Edel's Ice"	"Long Sword"
5231	"Yuki Ichimonji"	"Long Sword"
5232	"Silver Ichimonji"	"Long Sword"
5233	"Hidden Saber"	"Long Sword"
5234	"Hidden Saber+"	"Long Sword"
5235	"Deepest Night"	"Long Sword"
5236	"Megrez's Asterism"	"Long Sword"
5237	"Aikuchi"	"Long Sword"
5238	"Unbranded Aikuchi"	"Long Sword"
5239	"Lieutenant's Aikuchi"	"Long Sword"
5240	"Toad Abetter"	"Long Sword"
5241	"Accomplished Abetter"	"Long Sword"
5242	"Rampage Edge"	"Long Sword"
5243	"Rampage Ironsong"	"Long Sword"
5244	"Guardian Sword"	"Long Sword"
5245	"Imperial Sword"	"Long Sword"
5246	"Aqua Guardian"	"Long Sword"
5247	"Atlantica"	"Long Sword"
5248	"Wyvern Blade ""Fall"""	"Long Sword"
5249	"Wyvern Blade ""Blood"""	"Long Sword"
5250	"Wyvern Blade ""Maple"""	"Long Sword"
5251	"Wyvern Blade ""Pale"""	"Long Sword"
5252	"Wyvern Blade ""Silver"""	"Long Sword"
5253	"Wyvern Blade ""Bloom"""	"Long Sword"
5254	"Wyvern Blade ""Blaze"""	"Long Sword"
5255	"Wyvern Blade ""Rose"""	"Long Sword"
5256	"Wyvern Blade ""Awe"""	"Long Sword"
5257	"Dios Katana"	"Long Sword"
5258	"Dios Katana+"	"Long Sword"
5259	"Demolition Katana"	"Long Sword"
5260	"Pyro Demolisher"	"Long Sword"
5261	"Lightbreak Edge"	"Long Sword"
5262	"Bone"	"Long Sword"
5263	"Large Bone"	"Long Sword"
5264	"Canine Katana"	"Long Sword"
5265	"Lupine Katana"	"Long Sword"
5266	"Cerberus Katana"	"Long Sword"
5267	"Tigrine Edge"	"Long Sword"
5268	"Tigrine Need"	"Long Sword"
5269	"Tigrine Hunger"	"Long Sword"
5270	"Tigrine Appetence"	"Long Sword"
5271	"Tigrine Appetence+"	"Long Sword"
5272	"Tigrine Esurience"	"Long Sword"
5273	"Usurper's Boltslicer"	"Long Sword"
5274	"Usurper Boltslicer+"	"Long Sword"
5275	"Despot's Boltbreaker"	"Long Sword"
5276	"Oppressor's Law"	"Long Sword"
5277	"Orcus Nitorus"	"Long Sword"
5278	"Brimstren Drakebone"	"Long Sword"
5279	"Stygian Gula"	"Long Sword"
5280	"Charonian Gula"	"Long Sword"
5281	"Coiled Nail"	"Long Sword"
5282	"Coiled Nail+"	"Long Sword"
5283	"Coiled Saber"	"Long Sword"
5284	"Paracoiled Saber"	"Long Sword"
5285	"Paracoiled Edge"	"Long Sword"
5286	"Parazagged Edge"	"Long Sword"
5287	"Hyddra"	"Long Sword"
5288	"Hyddra+"	"Long Sword"
5289	"Alphard"	"Long Sword"
5290	"Curviscera"	"Long Sword"
5291	"Incurviscera"	"Long Sword"
5292	"Incurviscera+"	"Long Sword"
5293	"Bicurviscera"	"Long Sword"
5294	"Vilcurviscera"	"Long Sword"
5295	"Vilcurviscera+"	"Long Sword"
5296	"Tamopaha"	"Long Sword"
5297	"Tamo Saggrama"	"Long Sword"
5298	"Daito Crow"	"Long Sword"
5299	"Daito Wolf"	"Long Sword"
5300	"Daito Bane"	"Long Sword"
5301	"Daito Pox"	"Long Sword"
5302	"Garuga Daito"	"Long Sword"
5303	"Demon Halberd"	"Long Sword"
5304	"Great Demon Halberd"	"Long Sword"
5305	"Evil Demon Halberd"	"Long Sword"
5306	"Demonlord Halberd"	"Long Sword"
5307	"Blood Cry"	"Long Sword"
5308	"Blood Cry+"	"Long Sword"
5309	"Noble Blood Cry"	"Long Sword"
5310	"Bioptimus"	"Long Sword"
5311	"Bioptimus+"	"Long Sword"
5312	"Gloom"	"Long Sword"
5313	"Dark Matter"	"Long Sword"
5314	"Hairtail's Hairblade"	"Long Sword"
5315	"Hairtail Hairblade+"	"Long Sword"
5316	"Fresh Hairblade"	"Long Sword"
5317	"Premium Hairblade"	"Long Sword"
5318	"Arbiter"	"Long Sword"
5319	"Susano-o"	"Long Sword"
5320	"Nenekirimaru"	"Long Sword"
5321	"Onamuchi"	"Long Sword"
5322	"Windeater"	"Long Sword"
5323	"Notos"	"Long Sword"
5324	"Notos+"	"Long Sword"
5325	"Euros"	"Long Sword"
5326	"Reaver ""Cruelty"""	"Long Sword"
5327	"Reaver ""Calamity"""	"Long Sword"
5328	"Consummate Katana"	"Long Sword"
5329	"Doomblade ""Slave"""	"Long Sword"
5330	"Barbarian Blade"	"Long Sword"
5331	"Barbarian ""Sharq"""	"Long Sword"
5332	"Kibamaru"	"Long Sword"
5333	"Khanga Edge"	"Long Sword"
5334	"Khanga Edge+"	"Long Sword"
5335	"Seditious Edge"	"Long Sword"
5336	"Zealous Sedition"	"Long Sword"
5337	"Tailblade Parallel"	"Long Sword"
5338	"The Righteous Swath"	"Long Sword"
5339	"Barwell the Swift"	"Long Sword"
5340	"Dalamadur Edge"	"Long Sword"
5341	"Clouded Dalamadur"	"Long Sword"
5342	"Dragonwood Blade"	"Long Sword"
5343	"Dragonwood Godblade"	"Long Sword"
5344	"Dragonwood Cutblade"	"Long Sword"
5345	"Akantor Katana"	"Long Sword"
5346	"Akantor Strongsword"	"Long Sword"
5347	"Ukanlos Slicer"	"Long Sword"
5348	"Ukanlos Skydicer"	"Long Sword"
5349	"Fatalis Sickle"	"Long Sword"
5350	"Fatalis Zaggespanon"	"Long Sword"
5351	"Thunderclap"	"Long Sword"
5352	"Thunderclap+"	"Long Sword"
5353	"Chaos/Loi"	"Long Sword"
5354	"Centenarian Dagger"	"Long Sword"
5355	"Susano Blade"	"Long Sword"
5356	"Phantom Mirage"	"Long Sword"
5357	"Eldaora's Raid"	"Long Sword"
5358	"Grim Genuflector"	"Long Sword"
5359	"Headsman's Requite"	"Long Sword"
5360	"Fatalis Fotia"	"Long Sword"
5361	"Fatalis Ascencia"	"Long Sword"
5362	"Worn Long Sword"	"Long Sword"
5363	"Weathered Long Sword"	"Long Sword"
5364	"Oblivvion"	"Long Sword"
5365	"Oblivvion+"	"Long Sword"
5366	"Memento"	"Long Sword"
5367	"Icesteel Blade"	"Long Sword"
5368	"Daora's Raid"	"Long Sword"
5369	"Daora's Storm"	"Long Sword"
5370	"Imperial Saber"	"Long Sword"
5371	"Imperial Shimmer"	"Long Sword"
5372	"鉄砕牙"	"Long Sword"
5373	"鉄砕牙Ｄ"	"Long Sword"
5374	"Starlight Gate"	"Long Sword"
5375	"Eternal Gate"	"Long Sword"
5376	"フォックスクレスト"	"Long Sword"
5377	"速報隊専用剣【空狐】"	"Long Sword"
5378	"EX Arbiter"	"Long Sword"
5379	"EX Susano-o"	"Long Sword"
5380	"覇王剣"	"Long Sword"
5381	"Wing of Judgment"	"Long Sword"
5382	"Chainslaughter"	"Long Sword"
5383	"Fan Club Bamboo Rod"	"Long Sword"
5384	"Hunter's Knife"	"Sword and Shield"
5385	"Hunter's Knife+"	"Sword and Shield"
5386	"Soldier's Dagger"	"Sword and Shield"
5387	"Commander's Dagger"	"Sword and Shield"
5388	"Deadly Knife"	"Sword and Shield"
5389	"Deadly Knife+"	"Sword and Shield"
5390	"Natch Knife"	"Sword and Shield"
5391	"Acclimated Knife"	"Sword and Shield"
5392	"Rebellious Knife"	"Sword and Shield"
5393	"Rebellious Knife+"	"Sword and Shield"
5394	"Vengeful Knife"	"Sword and Shield"
5395	"Sucher-Ankh"	"Sword and Shield"
5396	"Jäger-Ankh"	"Sword and Shield"
5397	"Sieger-Ankh"	"Sword and Shield"
5398	"Le Détecteur"	"Sword and Shield"
5399	"La Vérité"	"Sword and Shield"
5400	"Le Limier"	"Sword and Shield"
5401	"Princess Rapier"	"Sword and Shield"
5402	"Queen Rapier"	"Sword and Shield"
5403	"Queen's Rose"	"Sword and Shield"
5404	"Royal Rose"	"Sword and Shield"
5405	"Royal Rose+"	"Sword and Shield"
5406	"Rose Highness"	"Sword and Shield"
5407	"Lunatic Rose"	"Sword and Shield"
5408	"Velocidrome Bite"	"Sword and Shield"
5409	"Velocidrome Bite+"	"Sword and Shield"
5410	"Velocidrome Fang"	"Sword and Shield"
5411	"Velocidrome Fang+"	"Sword and Shield"
5412	"Drome Rush Dagger"	"Sword and Shield"
5413	"Great Stabberdag"	"Sword and Shield"
5414	"Hydra Bite"	"Sword and Shield"
5415	"Deadly Poison"	"Sword and Shield"
5416	"Spiked Circle"	"Sword and Shield"
5417	"Paraspiked Circle"	"Sword and Shield"
5418	"Paraspiked Rondo"	"Sword and Shield"
5419	"Paralyzing Rondo"	"Sword and Shield"
5420	"Lepis Prism"	"Sword and Shield"
5421	"Grootslang"	"Sword and Shield"
5422	"Usurper's Firebolt"	"Sword and Shield"
5423	"Despot's Crookbolt"	"Sword and Shield"
5424	"Brimstren Drakescale"	"Sword and Shield"
5425	"Brimstren Drakescale+"	"Sword and Shield"
5426	"Stygian Luxuria"	"Sword and Shield"
5427	"Lagia Sword"	"Sword and Shield"
5428	"High Lagia Sword"	"Sword and Shield"
5429	"Neo Lagia Sword"	"Sword and Shield"
5430	"Neodignis Whitebolt"	"Sword and Shield"
5431	"Hunter's Dagger"	"Sword and Shield"
5432	"Assassin's Dagger"	"Sword and Shield"
5433	"Viper Bite"	"Sword and Shield"
5434	"Viper Bite+"	"Sword and Shield"
5435	"Deathprize"	"Sword and Shield"
5436	"Azi Dahaka"	"Sword and Shield"
5437	"Almighty Dahaka"	"Sword and Shield"
5438	"Co Dolgan"	"Sword and Shield"
5439	"Coctura Balgang"	"Sword and Shield"
5440	"Poison Battleaxe"	"Sword and Shield"
5441	"Poison Battleaxe+"	"Sword and Shield"
5442	"Upper Battleaxe"	"Sword and Shield"
5443	"Deadly Battleaxe"	"Sword and Shield"
5444	"Gypcer Francisca"	"Sword and Shield"
5445	"Gypcer Francisca+"	"Sword and Shield"
5446	"Frightbane"	"Sword and Shield"
5447	"Thor Indora"	"Sword and Shield"
5448	"Thor Rigindora"	"Sword and Shield"
5449	"Djinn"	"Sword and Shield"
5450	"Djinn+"	"Sword and Shield"
5451	"Blazing Falchion"	"Sword and Shield"
5452	"Golden Falchion"	"Sword and Shield"
5453	"Golden Radius"	"Sword and Shield"
5454	"Platinum Dawn"	"Sword and Shield"
5455	"Annular Sol"	"Sword and Shield"
5456	"Dios Edge"	"Sword and Shield"
5457	"Dios Edge+"	"Sword and Shield"
5458	"Demolition Cutter"	"Sword and Shield"
5459	"Struxion Demolisher"	"Sword and Shield"
5460	"Lightbreak Sword"	"Sword and Shield"
5461	"Bone Kris"	"Sword and Shield"
5462	"Bone Kris+"	"Sword and Shield"
5463	"Chief Kris"	"Sword and Shield"
5464	"Sharkutter"	"Sword and Shield"
5465	"Sharkutter+"	"Sword and Shield"
5466	"Sharfin Sword"	"Sword and Shield"
5467	"Sharfinisher"	"Sword and Shield"
5468	"Icy Akzar"	"Sword and Shield"
5469	"Zamtrista Akzar"	"Sword and Shield"
5470	"Agate Saw"	"Sword and Shield"
5471	"Zamtrista Saw"	"Sword and Shield"
5472	"Rex Talon"	"Sword and Shield"
5473	"Tigrex Sword"	"Sword and Shield"
5474	"Accursed Claw"	"Sword and Shield"
5475	"Roaring Gravesword"	"Sword and Shield"
5476	"Roaring Gravesword+"	"Sword and Shield"
5477	"Reigning Grissword"	"Sword and Shield"
5478	"Celestial Sword"	"Sword and Shield"
5479	"Celestial Arms"	"Sword and Shield"
5480	"Celestial Brand"	"Sword and Shield"
5481	"Cross Sword"	"Sword and Shield"
5482	"Extraordinary Cross"	"Sword and Shield"
5483	"Dual Cross Brand"	"Sword and Shield"
5484	"Bright Night"	"Sword and Shield"
5485	"Sainted Dame"	"Sword and Shield"
5486	"Gartered Rood"	"Sword and Shield"
5487	"Flame Syphos"	"Sword and Shield"
5488	"Flame Syphos+"	"Sword and Shield"
5489	"Black Doom Flame"	"Sword and Shield"
5490	"Red Divine Flame"	"Sword and Shield"
5491	"Red Demonic Flame"	"Sword and Shield"
5492	"Red Efreet's Flame"	"Sword and Shield"
5493	"Scaly Sword"	"Sword and Shield"
5494	"Scaly Sword+"	"Sword and Shield"
5495	"Bloodscale Sword"	"Sword and Shield"
5496	"Bloodsquama Sword"	"Sword and Shield"
5497	"Bloodslaughter"	"Sword and Shield"
5498	"Cold Blood"	"Sword and Shield"
5499	"Mortal Heart"	"Sword and Shield"
5500	"Ludroth's Nail"	"Sword and Shield"
5501	"Royal Claw"	"Sword and Shield"
5502	"Odyssey"	"Sword and Shield"
5503	"Odyssey Blade"	"Sword and Shield"
5504	"Odyssey Blade+"	"Sword and Shield"
5505	"Master Odyssey"	"Sword and Shield"
5506	"Catspaw"	"Sword and Shield"
5507	"Catspaw+"	"Sword and Shield"
5508	"Catburglar"	"Sword and Shield"
5509	"Melynx Tool"	"Sword and Shield"
5510	"Plesioth Finspike"	"Sword and Shield"
5511	"Plesioth Finspike+"	"Sword and Shield"
5512	"Plesioth Direspike"	"Sword and Shield"
5513	"Plesiperse Spike"	"Sword and Shield"
5514	"Plesiperse Spike+"	"Sword and Shield"
5515	"Kirin Bolt"	"Sword and Shield"
5516	"Kirin Bolt Ultimus"	"Sword and Shield"
5517	"Kirin Bolt Maximus"	"Sword and Shield"
5518	"Poise"	"Sword and Shield"
5519	"Ame-no-habakiri"	"Sword and Shield"
5520	"Orochi"	"Sword and Shield"
5521	"Yaegaki"	"Sword and Shield"
5522	"Tusk Gear"	"Sword and Shield"
5523	"Skull's Wrath"	"Sword and Shield"
5524	"Chalcamine Sword"	"Sword and Shield"
5525	"Chalcomatia"	"Sword and Shield"
5526	"Crimson Club"	"Sword and Shield"
5527	"Crimson Club+"	"Sword and Shield"
5528	"Monoblos Club"	"Sword and Shield"
5529	"Studded Club"	"Sword and Shield"
5530	"Blackened Soul"	"Sword and Shield"
5531	"Blackest Animus"	"Sword and Shield"
5532	"Rajang Club"	"Sword and Shield"
5533	"Banned Rajang Club"	"Sword and Shield"
5534	"Cursed Rajang Club"	"Sword and Shield"
5535	"Spiked Saber"	"Sword and Shield"
5536	"Clawed Saber"	"Sword and Shield"
5537	"Serevento"	"Sword and Shield"
5538	"Naab Sword"	"Sword and Shield"
5539	"Naab Sword+"	"Sword and Shield"
5540	"Seditious Fang"	"Sword and Shield"
5541	"Panja Sedition"	"Sword and Shield"
5542	"Eviscerator & Scutum"	"Sword and Shield"
5543	"The Antimonial Haven"	"Sword and Shield"
5544	"Vaca the Mazelord"	"Sword and Shield"
5545	"Dalamadur Hatchet"	"Sword and Shield"
5546	"Bescaled Dalamadur"	"Sword and Shield"
5547	"Kirin Ice Ultimus"	"Sword and Shield"
5548	"Icemaster Kirin"	"Sword and Shield"
5549	"Ukanlos Soul Hatchet"	"Sword and Shield"
5550	"Ukanlos Skyhatchet"	"Sword and Shield"
5551	"Fatalis Sword"	"Sword and Shield"
5552	"True Fatalis Sword"	"Sword and Shield"
5553	"Ruiner Sword"	"Sword and Shield"
5554	"True Ruiner Sword"	"Sword and Shield"
5555	"Lügen/Vérité"	"Sword and Shield"
5556	"Eldaora's Sturm"	"Sword and Shield"
5557	"Valorous Soldier"	"Sword and Shield"
5558	"Kyrie Ruin"	"Sword and Shield"
5559	"W. Fatalis Sword"	"Sword and Shield"
5560	"Rusted Sword"	"Sword and Shield"
5561	"Tarnished Sword"	"Sword and Shield"
5562	"Eternal Strife"	"Sword and Shield"
5563	"Eternal Hate"	"Sword and Shield"
5564	"Eternal Vengeance"	"Sword and Shield"
5565	"Icesteel Dagger"	"Sword and Shield"
5566	"Daora's Razor"	"Sword and Shield"
5567	"Daora's Maelstrom"	"Sword and Shield"
5568	"Worn Sword"	"Sword and Shield"
5569	"Weathered Sword"	"Sword and Shield"
5570	"Divine Exodus"	"Sword and Shield"
5571	"Divine Insodus"	"Sword and Shield"
5572	"Divine Egression"	"Sword and Shield"
5573	"Teostra's Spada"	"Sword and Shield"
5574	"Teostra's Emblem"	"Sword and Shield"
5575	"Heroic Blade"	"Sword and Shield"
5576	"Master's Blade"	"Sword and Shield"
5577	"雷剣コロドライト"	"Sword and Shield"
5578	"EX Poise"	"Sword and Shield"
5579	"EX Ame-no-habakiri"	"Sword and Shield"
5580	"Hero's Sword"	"Sword and Shield"
5581	"Master Sword"	"Sword and Shield"
5582	"Master Sword G"	"Sword and Shield"
5583	"Black Belt Sword"	"Sword and Shield"
5584	"Ms. M.H. Puppet"	"Sword and Shield"
5585	"イナズマワークス"	"Sword and Shield"
5586	"Star Knight Sword"	"Sword and Shield"
5587	"刃折れの剣"	"Sword and Shield"
5588	"Matched Slicers"	"Dual Blades"
5589	"Matched Slicers+"	"Dual Blades"
5590	"Dual Slicers"	"Dual Blades"
5591	"Dual Hatchets"	"Dual Blades"
5592	"Dual Hatchets+"	"Dual Blades"
5593	"Dual Cleavers+"	"Dual Blades"
5594	"Hurricane"	"Dual Blades"
5595	"Cyclone"	"Dual Blades"
5596	"Tornado Hatchets"	"Dual Blades"
5597	"Typhoon"	"Dual Blades"
5598	"Rex Slicers"	"Dual Blades"
5599	"Tigrex Claws"	"Dual Blades"
5600	"Accursed Slicers"	"Dual Blades"
5601	"Pouncing Graveclaws"	"Dual Blades"
5602	"Pouncing Graveclaws+"	"Dual Blades"
5603	"Razor Grisclaws"	"Dual Blades"
5604	"Freezing Daggers"	"Dual Blades"
5605	"Freezing Daggers+"	"Dual Blades"
5606	"Icicle Daggers"	"Dual Blades"
5607	"Frozen Death"	"Dual Blades"
5608	"Gelid Mind"	"Dual Blades"
5609	"Gelid Soul"	"Dual Blades"
5610	"Insecticutters"	"Dual Blades"
5611	"Insecticutters+"	"Dual Blades"
5612	"Insectiscythes"	"Dual Blades"
5613	"Alated Insect"	"Dual Blades"
5614	"Alated Insect+"	"Dual Blades"
5615	"Entomotheos"	"Dual Blades"
5616	"Sworn Rapiers"	"Dual Blades"
5617	"Holy Sabers"	"Dual Blades"
5618	"Guild Knight Sabers"	"Dual Blades"
5619	"Master Sabers"	"Dual Blades"
5620	"Master Sabers+"	"Dual Blades"
5621	"Holy Guild Knight"	"Dual Blades"
5622	"Jaggid Shotels"	"Dual Blades"
5623	"Leader's Shotels"	"Dual Blades"
5624	"Fledderklauen"	"Dual Blades"
5625	"Hungerklauen"	"Dual Blades"
5626	"Aasklauen"	"Dual Blades"
5627	"Les Apôtres"	"Dual Blades"
5628	"Le Paradis"	"Dual Blades"
5629	"Le Shangri-La"	"Dual Blades"
5630	"Cleaving Jaws"	"Dual Blades"
5631	"Cleaving Jaws+"	"Dual Blades"
5632	"Cool Cleavers"	"Dual Blades"
5633	"Frozen Cleavers"	"Dual Blades"
5634	"Névé Bite"	"Dual Blades"
5635	"Blizztrios Fangs"	"Dual Blades"
5636	"Sandgnashers"	"Dual Blades"
5637	"Psammophages"	"Dual Blades"
5638	"Bone Scythes"	"Dual Blades"
5639	"Bone Scythes+"	"Dual Blades"
5640	"Chief's Scythes"	"Dual Blades"
5641	"Dual Battleaxe"	"Dual Blades"
5642	"Dual Battleaxe+"	"Dual Blades"
5643	"Double Tabarzin"	"Dual Blades"
5644	"Terminal Toxin"	"Dual Blades"
5645	"Mortal Miasma"	"Dual Blades"
5646	"Dual Chameleos"	"Dual Blades"
5647	"Chameleos Blades"	"Dual Blades"
5648	"Twin Flames"	"Dual Blades"
5649	"High Twin Flames"	"Dual Blades"
5650	"Wyvern Lovers"	"Dual Blades"
5651	"Wyvern Strife"	"Dual Blades"
5652	"Wyvern Strife+"	"Dual Blades"
5653	"Wyvern Conciliation"	"Dual Blades"
5654	"Pink Maracas"	"Dual Blades"
5655	"Funky Maracas"	"Dual Blades"
5656	"Jungle Maracas"	"Dual Blades"
5657	"Evergreen"	"Dual Blades"
5658	"Evergreen+"	"Dual Blades"
5659	"Paradise Green"	"Dual Blades"
5660	"Whirlitwists"	"Dual Blades"
5661	"Whirlitricks"	"Dual Blades"
5662	"Whirlitorture"	"Dual Blades"
5663	"Spiral Edges"	"Dual Blades"
5664	"Gyro Wedges"	"Dual Blades"
5665	"Crossdrills"	"Dual Blades"
5666	"Crossveldts"	"Dual Blades"
5667	"Crossenders"	"Dual Blades"
5668	"Snow Slicers"	"Dual Blades"
5669	"Snow Sisters"	"Dual Blades"
5670	"Maulagombs"	"Dual Blades"
5671	"Brawlagombs"	"Dual Blades"
5672	"Brawlagombs+"	"Dual Blades"
5673	"Appallagombs"	"Dual Blades"
5674	"Twin Chainsaws"	"Dual Blades"
5675	"Usurper's Fulgur"	"Dual Blades"
5676	"Despot's Blitz"	"Dual Blades"
5677	"Levin Acrus"	"Dual Blades"
5678	"Neo Twin Acrus"	"Dual Blades"
5679	"Neo Acrus Whitebolt"	"Dual Blades"
5680	"Brimstren Drakeclaws"	"Dual Blades"
5681	"Brimstren Drakeclaws+"	"Dual Blades"
5682	"Stygian Superbia"	"Dual Blades"
5683	"Vprey Claws"	"Dual Blades"
5684	"High Vprey Claws"	"Dual Blades"
5685	"Raven Tessen"	"Dual Blades"
5686	"Wolf Tessen"	"Dual Blades"
5687	"Crow Tessen"	"Dual Blades"
5688	"Pox Tessen"	"Dual Blades"
5689	"Garuga Gunsen"	"Dual Blades"
5690	"Garuga Lovebirds"	"Dual Blades"
5691	"Kut-Ku Pair"	"Dual Blades"
5692	"Kut-Ku Pair+"	"Dual Blades"
5693	"Dual Kut-Ku"	"Dual Blades"
5694	"Dios Slicers"	"Dual Blades"
5695	"Dios Slicers+"	"Dual Blades"
5696	"Demolition Blades"	"Dual Blades"
5697	"Spectral Demolisher"	"Dual Blades"
5698	"Lightbreak Twins"	"Dual Blades"
5699	"Plesioth Cutlasses"	"Dual Blades"
5700	"Plesioth Machetes"	"Dual Blades"
5701	"Verdant Slashers"	"Dual Blades"
5702	"Alluvion Slashers"	"Dual Blades"
5703	"Jade Plesioth Fans"	"Dual Blades"
5704	"Jade Battlefanzers"	"Dual Blades"
5705	"Glutton's Tools"	"Dual Blades"
5706	"Gorger's Tools"	"Dual Blades"
5707	"Savortooths"	"Dual Blades"
5708	"Felyne and Melynx"	"Dual Blades"
5709	"Felyne and Melynx+"	"Dual Blades"
5710	"Felyne and Melynx++"	"Dual Blades"
5711	"Dual Dragon"	"Dual Blades"
5712	"Dual Dragon Ultimus"	"Dual Blades"
5713	"Dual Dragon Ultimus+"	"Dual Blades"
5714	"Dual Dragons ""Angst"""	"Dual Blades"
5715	"Monarch"	"Dual Blades"
5716	"Kirin Bolts"	"Dual Blades"
5717	"Wunderkirins"	"Dual Blades"
5718	"Wrath & Rancor"	"Dual Blades"
5719	"Wrathful Predation"	"Dual Blades"
5720	"Consummate Pair"	"Dual Blades"
5721	"Doomfang ""Envoys"""	"Dual Blades"
5722	"Melting Wail"	"Dual Blades"
5723	"Melting Blazer"	"Dual Blades"
5724	"Megiddo Rippers"	"Dual Blades"
5725	"Megiddo Breakers"	"Dual Blades"
5726	"Zakun Twins"	"Dual Blades"
5727	"Zakun Twins+"	"Dual Blades"
5728	"Seditious Talons"	"Dual Blades"
5729	"Serre Sedition"	"Dual Blades"
5730	"Flamestorm"	"Dual Blades"
5731	"Salamanders"	"Dual Blades"
5732	"Ignis Noire"	"Dual Blades"
5733	"Agnaktor Inferno"	"Dual Blades"
5734	"Blackspine Bundles"	"Dual Blades"
5735	"The Wrackful Gemini"	"Dual Blades"
5736	"Mbale the Acute"	"Dual Blades"
5737	"Dalamadur Spikes"	"Dual Blades"
5738	"Amber Dalamadur"	"Dual Blades"
5739	"Ritual Hailscreamers"	"Dual Blades"
5740	"Ritual Eidolons"	"Dual Blades"
5741	"Akantor Blades"	"Dual Blades"
5742	"Akantor Shadow Claws"	"Dual Blades"
5743	"Ukanlos Ruinblades"	"Dual Blades"
5744	"Ukanlos Skyrippers"	"Dual Blades"
5745	"Ebonblood Twindrakes"	"Dual Blades"
5746	"Twinbane Blades"	"Dual Blades"
5747	"Twinbane Twilight"	"Dual Blades"
5748	"Diablos Bashers"	"Dual Blades"
5749	"Diablos Sinidex"	"Dual Blades"
5750	"Sinistrus Dextraos"	"Dual Blades"
5751	"Inferno/Paradis"	"Dual Blades"
5752	"Suzuka Takamaru"	"Dual Blades"
5753	"Suzuka Otakemaru"	"Dual Blades"
5754	"Twin Elders"	"Dual Blades"
5755	"Recriminators"	"Dual Blades"
5756	"Eternal Leavetakers"	"Dual Blades"
5757	"Ultimus Apocalypse"	"Dual Blades"
5758	"Worn Blades"	"Dual Blades"
5759	"Weathered Blades"	"Dual Blades"
5760	"Enduring Schism"	"Dual Blades"
5761	"Enduring Sacrifice"	"Dual Blades"
5762	"Enduring Surrender"	"Dual Blades"
5763	"Twin Nails"	"Dual Blades"
5764	"Fire and Ice"	"Dual Blades"
5765	"Blizzard and Blaze"	"Dual Blades"
5766	"海賊Ｊエッジ"	"Dual Blades"
5767	"大海賊Ｊエッジ"	"Dual Blades"
5768	"紅蓮爆炎刃"	"Dual Blades"
5769	"ギガントピストル"	"Dual Blades"
5770	"Shaka Scarecrows"	"Dual Blades"
5771	"Chum Scarecrows"	"Dual Blades"
5772	"Chum-Chum Scarecrows"	"Dual Blades"
5773	"範馬刃牙流格闘術"	"Dual Blades"
5774	"Fan Club Fans"	"Dual Blades"
5775	"War Hammer"	"Hammer"
5776	"War Hammer+"	"Hammer"
5777	"War Mace"	"Hammer"
5778	"Iron Striker"	"Hammer"
5779	"Iron Striker+"	"Hammer"
5780	"Iron Impact"	"Hammer"
5781	"Kurogane"	"Hammer"
5782	"Iron Devil"	"Hammer"
5783	"Fist of Fury"	"Hammer"
5784	"Ancient Blow"	"Hammer"
5785	"Foolhardy Stone Fist"	"Hammer"
5786	"Frozen Core"	"Hammer"
5787	"Cocytus"	"Hammer"
5788	"Cocytus+"	"Hammer"
5789	"Pykrete Punisher"	"Hammer"
5790	"Gun Hammer"	"Hammer"
5791	"Deadeye Revolver"	"Hammer"
5792	"Sanctioned Gunhammer"	"Hammer"
5793	"Burning Crusher"	"Hammer"
5794	"Improved Gunhammer"	"Hammer"
5795	"Imperial Gunhammer"	"Hammer"
5796	"Purse Bop"	"Hammer"
5797	"Purse Bop+"	"Hammer"
5798	"Bleeding Bopper"	"Hammer"
5799	"Bleeding Basher"	"Hammer"
5800	"Bleeding Basher+"	"Hammer"
5801	"Bleeding Bludgeon"	"Hammer"
5802	"Cluster Hammer"	"Hammer"
5803	"Cluster Hammer+"	"Hammer"
5804	"Cluster Musterer"	"Hammer"
5805	"Master Musterer"	"Hammer"
5806	"Master Musterer+"	"Hammer"
5807	"Scylla Maelstrom"	"Hammer"
5808	"Scylla Maeltasrophe"	"Hammer"
5809	"Usurper's Thunder"	"Hammer"
5810	"Despot's Crackle"	"Hammer"
5811	"Brimstren Drakemaw"	"Hammer"
5812	"Brimstren Drakemaw+"	"Hammer"
5813	"Stygian Industria"	"Hammer"
5814	"Mane Malice"	"Hammer"
5815	"Mane Malice Rajang"	"Hammer"
5816	"Mane Master Rajang"	"Hammer"
5817	"Demonlord Hammer"	"Hammer"
5818	"Oppressor's Sway"	"Hammer"
5819	"Orcus Adflictus"	"Hammer"
5820	"Accelerated Hammer"	"Hammer"
5821	"Boosted Hammer"	"Hammer"
5822	"Nitro Boost Hammer"	"Hammer"
5823	"Full Throttle Mace"	"Hammer"
5824	"Overclocker"	"Hammer"
5825	"Logicbreaker"	"Hammer"
5826	"Boulverizer"	"Hammer"
5827	"Wuchtblick"	"Hammer"
5828	"Grimmblick"	"Hammer"
5829	"Ächtungsblick"	"Hammer"
5830	"Le Jugement"	"Hammer"
5831	"La Naissance"	"Hammer"
5832	"La Terre"	"Hammer"
5833	"Ceanataur Head Axe"	"Hammer"
5834	"Carmine Axe"	"Hammer"
5835	"The Great Divider"	"Hammer"
5836	"Bone Hammer"	"Hammer"
5837	"Bone Hammer+"	"Hammer"
5838	"Bone Bludgeon"	"Hammer"
5839	"Bone Bludgeon+"	"Hammer"
5840	"Heavy Bone Bludgeon"	"Hammer"
5841	"Striped Striker"	"Hammer"
5842	"Tigrex Hammer"	"Hammer"
5843	"Accursed Striker"	"Hammer"
5844	"Tussive Gravemace"	"Hammer"
5845	"Tussive Gravemace+"	"Hammer"
5846	"Wracking Grismace"	"Hammer"
5847	"Gigaton Hammer"	"Hammer"
5848	"Titan Hammer"	"Hammer"
5849	"Graviton Hammer"	"Hammer"
5850	"Venom Crater"	"Hammer"
5851	"Venom Crater+"	"Hammer"
5852	"Glasya-Labolas"	"Hammer"
5853	"Meaty Smash"	"Hammer"
5854	"Meaty Smash+"	"Hammer"
5855	"Meaty Press"	"Hammer"
5856	"Pressure Cooker"	"Hammer"
5857	"Pressure Cooker+"	"Hammer"
5858	"Morphing Brinicle"	"Hammer"
5859	"Puffer Smash"	"Hammer"
5860	"Pufferpounder"	"Hammer"
5861	"Venom Monster"	"Hammer"
5862	"Venom Monster+"	"Hammer"
5863	"Death Venom Hammer"	"Hammer"
5864	"Purple Mace"	"Hammer"
5865	"Pitohui Bird Mace"	"Hammer"
5866	"Gypcer Rammer"	"Hammer"
5867	"Gypceros Ramplifi"	"Hammer"
5868	"Red Bludgeon"	"Hammer"
5869	"Huracan Hammer"	"Hammer"
5870	"Leonid Starcrusher"	"Hammer"
5871	"Leonid Starcrusher+"	"Hammer"
5872	"Svarog Starsmasher"	"Hammer"
5873	"Huracan Blueblaze"	"Hammer"
5874	"Rathalos Blueblazon"	"Hammer"
5875	"Dios Tailhammer"	"Hammer"
5876	"Dios Tailhammer+"	"Hammer"
5877	"Demolition Hammer"	"Hammer"
5878	"Novagio Demolisher"	"Hammer"
5879	"Lightbreak Hammer"	"Hammer"
5880	"Kut-Ku Pick"	"Hammer"
5881	"Kut-Ku Pick+"	"Hammer"
5882	"Kut-Ku Thwap"	"Hammer"
5883	"Dynamic Hammer"	"Hammer"
5884	"Violence Hammer"	"Hammer"
5885	"Mysterious Jaw"	"Hammer"
5886	"Raven Torrent"	"Hammer"
5887	"Wolf Torrent"	"Hammer"
5888	"Crow Torrent"	"Hammer"
5889	"Pox Torrent"	"Hammer"
5890	"Garuga Effusion"	"Hammer"
5891	"Basarios Blow"	"Hammer"
5892	"Basarios Bash"	"Hammer"
5893	"Oregalore"	"Hammer"
5894	"Gemgalore"	"Hammer"
5895	"Gemgalore+"	"Hammer"
5896	"Meteorgalore"	"Hammer"
5897	"Harmingbird"	"Hammer"
5898	"Toxikeet"	"Hammer"
5899	"Potio Bocciolo"	"Hammer"
5900	"Bel Fiore"	"Hammer"
5901	"Fiore Fantastico"	"Hammer"
5902	"Carapace Hammer"	"Hammer"
5903	"Carapace Hammer+"	"Hammer"
5904	"Barroth Hammer"	"Hammer"
5905	"Barroth Basher"	"Hammer"
5906	"Barroth Grandbasher"	"Hammer"
5907	"Binding Bludgeon"	"Hammer"
5908	"Armored Gogue"	"Hammer"
5909	"Armored Gigagogue"	"Hammer"
5910	"White Kitty Stamp"	"Hammer"
5911	"White Kitty Hammer"	"Hammer"
5912	"Black Kitty Stamp"	"Hammer"
5913	"Black Kitty Hammer"	"Hammer"
5914	"Gold Cat Hammer"	"Hammer"
5915	"Gold Cat Crusher"	"Hammer"
5916	"Eminence"	"Hammer"
5917	"Kushinada"	"Hammer"
5918	"Fugaku"	"Hammer"
5919	"Nadeshiko"	"Hammer"
5920	"Gaiasp"	"Hammer"
5921	"Great Gaiarch"	"Hammer"
5922	"Mother Gaiarch"	"Hammer"
5923	"Gaia Horizon"	"Hammer"
5924	"Devil's Due"	"Hammer"
5925	"Devil's Crush"	"Hammer"
5926	"Consummate Hammer"	"Hammer"
5927	"Doomhammer ""Blood"""	"Hammer"
5928	"Matraca Hammer"	"Hammer"
5929	"Matraca Hammer+"	"Hammer"
5930	"Seditious Hammer"	"Hammer"
5931	"Qadar Sedition"	"Hammer"
5932	"Helixbone Slab"	"Hammer"
5933	"The Extricating Blow"	"Hammer"
5934	"Edward the Tremor"	"Hammer"
5935	"Dalamadur Hammer"	"Hammer"
5936	"Agonized Dalamadur"	"Hammer"
5937	"Ukanlos Trampler"	"Hammer"
5938	"Ukanlos Skysmasher"	"Hammer"
5939	"Fatalis Buster"	"Hammer"
5940	"Fatalis Demolisher"	"Hammer"
5941	"Vergehen/Naissance"	"Hammer"
5942	"Genie's Expanse"	"Hammer"
5943	"Eldaora's Colossus"	"Hammer"
5944	"Empty Cage"	"Hammer"
5945	"Desmos Admonition"	"Hammer"
5946	"Fatalis Iregard"	"Hammer"
5947	"Fatalis Ruiner"	"Hammer"
5948	"Rusted Hammer"	"Hammer"
5949	"Tarnished Hammer"	"Hammer"
5950	"Breath Core Hammer"	"Hammer"
5951	"Lava Core Hammer"	"Hammer"
5952	"Crust Core Hammer"	"Hammer"
5953	"Teo Cratermaker"	"Hammer"
5954	"Teo Cratergouger"	"Hammer"
5955	"Teostra del Torre"	"Hammer"
5956	"Worn Hammer"	"Hammer"
5957	"Weathered Hammer"	"Hammer"
5958	"Pulsating Core"	"Hammer"
5959	"Meteoric Core"	"Hammer"
5960	"Icesteel Hammer"	"Hammer"
5961	"Daora's Colossus"	"Hammer"
5962	"Daora's Hyperborea"	"Hammer"
5963	"Arluq Whammer"	"Hammer"
5964	"Swinging Scarluq"	"Hammer"
5965	"Pride of Harth"	"Hammer"
5966	"サンダーワークス"	"Hammer"
5967	"ギガサンダーワークス"	"Hammer"
5968	"鬼ノ貌"	"Hammer"
5969	"鬼ノ現身"	"Hammer"
5970	"Black Belt Hammer"	"Hammer"
5971	"Portsmark"	"Hammer"
5972	"Teddybear"	"Hammer"
5973	"Enormous Ham"	"Hammer"
5974	"Ham of Hams"	"Hammer"
5975	"Metal Bagpipe"	"Hunting Horn"
5976	"Metal Bagpipe+"	"Hunting Horn"
5977	"Great Bagpipe"	"Hunting Horn"
5978	"Heavy Bagpipe"	"Hunting Horn"
5979	"Heavy Bagpipe+"	"Hunting Horn"
5980	"Fortissimo"	"Hunting Horn"
5981	"Master Bagpipe"	"Hunting Horn"
5982	"Sforzando"	"Hunting Horn"
5983	"Sforzando+"	"Hunting Horn"
5984	"Rinforzato"	"Hunting Horn"
5985	"Kummerklang"	"Hunting Horn"
5986	"Gramklang"	"Hunting Horn"
5987	"Trauerklang"	"Hunting Horn"
5988	"La Sépulture"	"Hunting Horn"
5989	"La Joie"	"Hunting Horn"
5990	"Le Grégorien"	"Hunting Horn"
5991	"Valkyrie Chordmaker"	"Hunting Horn"
5992	"Valkyrie Chordmaker+"	"Hunting Horn"
5993	"Queen's Chordmaker"	"Hunting Horn"
5994	"Gold Chordmaker"	"Hunting Horn"
5995	"Gold Chordmaker+"	"Hunting Horn"
5996	"Lunar Chordmaker"	"Hunting Horn"
5997	"Kecha Whappa"	"Hunting Horn"
5998	"Kecha Whappa+"	"Hunting Horn"
5999	"Kechachacha Whappa"	"Hunting Horn"
6000	"Kecha Thumpa"	"Hunting Horn"
6001	"Kecha Clanga"	"Hunting Horn"
6002	"Kecha Clanga+"	"Hunting Horn"
6003	"Kecha Clanvira"	"Hunting Horn"
6004	"Usurper's Growl"	"Hunting Horn"
6005	"Usurper's Growl+"	"Hunting Horn"
6006	"Despot's Thunderclap"	"Hunting Horn"
6007	"Oppressor's Boon"	"Hunting Horn"
6008	"Brimstren Drakesong"	"Hunting Horn"
6009	"Brimstren Drakesong+"	"Hunting Horn"
6010	"Stygian Tristitia"	"Hunting Horn"
6011	"Ice Kazoo"	"Hunting Horn"
6012	"Glacial Kazoo"	"Hunting Horn"
6013	"Frost Groaner"	"Hunting Horn"
6014	"Frost General"	"Hunting Horn"
6015	"Poli'ahu Pipe"	"Hunting Horn"
6016	"Phenomenal Phlute"	"Hunting Horn"
6017	"Bone Horn"	"Hunting Horn"
6018	"Bone Horn+"	"Hunting Horn"
6019	"Hunter's Horn"	"Hunting Horn"
6020	"Hunter's Horn+"	"Hunting Horn"
6021	"Native's Horn"	"Hunting Horn"
6022	"Striped Gong"	"Hunting Horn"
6023	"Tigrex Horn"	"Hunting Horn"
6024	"Accursed Wail"	"Hunting Horn"
6025	"Howling Gravedrum"	"Hunting Horn"
6026	"Howling Gravedrum+"	"Hunting Horn"
6027	"Dancing Grisdrum"	"Hunting Horn"
6028	"Dios Bell"	"Hunting Horn"
6029	"Dios Bell+"	"Hunting Horn"
6030	"Demolition Chime"	"Hunting Horn"
6031	"Timbral Demolisher"	"Hunting Horn"
6032	"Lightbreak Timbre"	"Hunting Horn"
6033	"Khezu Horn"	"Hunting Horn"
6034	"Khezu Flute"	"Hunting Horn"
6035	"Blood Horn"	"Hunting Horn"
6036	"Blood Flute"	"Hunting Horn"
6037	"Blood Flute+"	"Hunting Horn"
6038	"Brute Flute"	"Hunting Horn"
6039	"War Drum"	"Hunting Horn"
6040	"War Bongo"	"Hunting Horn"
6041	"War Conga"	"Hunting Horn"
6042	"Jungle Bongo"	"Hunting Horn"
6043	"Jungle Conga"	"Hunting Horn"
6044	"Jungle Conga+"	"Hunting Horn"
6045	"Primal Conga"	"Hunting Horn"
6046	"Danger Call"	"Hunting Horn"
6047	"Danger Call+"	"Hunting Horn"
6048	"Hazardous Call"	"Hunting Horn"
6049	"Parahazard Call"	"Hunting Horn"
6050	"Parahazard Call+"	"Hunting Horn"
6051	"Para Calamity"	"Hunting Horn"
6052	"Naja Warning"	"Hunting Horn"
6053	"Naja Alluvion"	"Hunting Horn"
6054	"Velociprey Balloon"	"Hunting Horn"
6055	"Velociprey Balloon+"	"Hunting Horn"
6056	"Raven Shamisen"	"Hunting Horn"
6057	"Wolf Shamisen"	"Hunting Horn"
6058	"Crow Shamisen"	"Hunting Horn"
6059	"Pox Shamisen"	"Hunting Horn"
6060	"Garuga Shamisen"	"Hunting Horn"
6061	"Basarios Rock"	"Hunting Horn"
6062	"Basarios Rock Mk.II"	"Hunting Horn"
6063	"Volcanic Rock"	"Hunting Horn"
6064	"Volcanic Gig"	"Hunting Horn"
6065	"Volcanic Gig+"	"Hunting Horn"
6066	"Conflagrig"	"Hunting Horn"
6067	"Beating Gunrock"	"Hunting Horn"
6068	"Fleeting Gunrock"	"Hunting Horn"
6069	"Heavy Facemelter"	"Hunting Horn"
6070	"Lullaby Facemelter"	"Hunting Horn"
6071	"Vicello Nulo (W)"	"Hunting Horn"
6072	"Vicello Unu (W)"	"Hunting Horn"
6073	"Vicello Du (W)"	"Hunting Horn"
6074	"Magia Charm"	"Hunting Horn"
6075	"Magia Charmbell"	"Hunting Horn"
6076	"Aria Rhota"	"Hunting Horn"
6077	"Shell Castanet"	"Hunting Horn"
6078	"Shell Castanet+"	"Hunting Horn"
6079	"Colored Castanet"	"Hunting Horn"
6080	"Crabby Castanet"	"Hunting Horn"
6081	"Klick-Klack"	"Hunting Horn"
6082	"Vadya Muse"	"Hunting Horn"
6083	"Vadya Muse+"	"Hunting Horn"
6084	"Seditious Warhorn"	"Hunting Horn"
6085	"Maqam Sedition"	"Hunting Horn"
6086	"Veilglare Hymn"	"Hunting Horn"
6087	"The Ascending Strain"	"Hunting Horn"
6088	"Orgueil the Insane"	"Hunting Horn"
6089	"Dalamadur Song"	"Hunting Horn"
6090	"Bloodied Dalamadur"	"Hunting Horn"
6091	"Dragonwood Flute"	"Hunting Horn"
6092	"Dragonwood Godflute"	"Hunting Horn"
6093	"Akantor Horn"	"Hunting Horn"
6094	"Akantor Dark Melody"	"Hunting Horn"
6095	"Ukanlos Horned Flute"	"Hunting Horn"
6096	"Ukanlos Skysinger"	"Hunting Horn"
6097	"Fatalis Menace"	"Hunting Horn"
6098	"Fatalis Menace Lute"	"Hunting Horn"
6099	"Grimm/Joie"	"Hunting Horn"
6100	"Denden Daiko"	"Hunting Horn"
6101	"Denden Doomsounder"	"Hunting Horn"
6102	"Genie's Ocarina"	"Hunting Horn"
6103	"Eldaora's Taus"	"Hunting Horn"
6104	"Clemency's Peal"	"Hunting Horn"
6105	"Onyx Terpsichore"	"Hunting Horn"
6106	"Fatalis Menace Soul"	"Hunting Horn"
6107	"Fatalis Ancient Lute"	"Hunting Horn"
6108	"Worn Horn"	"Hunting Horn"
6109	"Weathered Horn"	"Hunting Horn"
6110	"Avenir's Music Box"	"Hunting Horn"
6111	"Avenir's Music Box+"	"Hunting Horn"
6112	"Eternal Music Box"	"Hunting Horn"
6113	"Teostra's Tiple"	"Hunting Horn"
6114	"Teostra's Orphée"	"Hunting Horn"
6115	"Daora's Taus"	"Hunting Horn"
6116	"Daora's Baphophone"	"Hunting Horn"
6117	"銀の匙"	"Hunting Horn"
6118	"ブリッツワークス"	"Hunting Horn"
6119	"Megaphone"	"Hunting Horn"
6120	"Handmade Frog"	"Hunting Horn"
6121	"Glass Royale"	"Hunting Horn"
6122	"Queen's Flute"	"Hunting Horn"
6123	"Hunter Master"	"Hunting Horn"
6124	"Iron Lance"	"Lance"
6125	"Iron Lance+"	"Lance"
6126	"Knight Lance"	"Lance"
6127	"Knight Lance+"	"Lance"
6128	"Rampart"	"Lance"
6129	"Rampart+"	"Lance"
6130	"Babel Spear"	"Lance"
6131	"Elder Babel Spear"	"Lance"
6132	"Elder Babel Spear+"	"Lance"
6133	"Lost Babel"	"Lance"
6134	"Drill Lance"	"Lance"
6135	"Megadrill Lance"	"Lance"
6136	"Megadrill Lance+"	"Lance"
6137	"Gigadrill Lance"	"Lance"
6138	"Eiferschild"	"Lance"
6139	"Fieberschild"	"Lance"
6140	"Zornesschild"	"Lance"
6141	"L'Égide"	"Lance"
6142	"Le Sage"	"Lance"
6143	"Le Paladin"	"Lance"
6144	"Venom Lance"	"Lance"
6145	"Basarios Venom Spear"	"Lance"
6146	"Gravios Spear"	"Lance"
6147	"Black Gravios Spear"	"Lance"
6148	"Gravios Lance"	"Lance"
6149	"Gravios Fire Lance"	"Lance"
6150	"Diablos Lance"	"Lance"
6151	"Diablos Spear"	"Lance"
6152	"Cera Creos"	"Lance"
6153	"Black Tempest"	"Lance"
6154	"Rising Tempest"	"Lance"
6155	"Fragrance"	"Lance"
6156	"Fragrance+"	"Lance"
6157	"Dark Spear"	"Lance"
6158	"Darkness"	"Lance"
6159	"Darkness+"	"Lance"
6160	"Dark Din"	"Lance"
6161	"Bone Lance"	"Lance"
6162	"Bone Lance+"	"Lance"
6163	"Spiked Spear"	"Lance"
6164	"Spiked Spear+"	"Lance"
6165	"Spiked Javelin"	"Lance"
6166	"Tiger Stinger"	"Lance"
6167	"Tigrex Lance"	"Lance"
6168	"Accursed Stinger"	"Lance"
6169	"Predator Gravelance"	"Lance"
6170	"Predator Gravelance+"	"Lance"
6171	"Ruthless Grislance"	"Lance"
6172	"Dios Stinger"	"Lance"
6173	"Dios Stinger+"	"Lance"
6174	"Demolition Lance"	"Lance"
6175	"Albrach Demolisher"	"Lance"
6176	"Lightbreak Lance"	"Lance"
6177	"Red Tail"	"Lance"
6178	"Spear of Prominence"	"Lance"
6179	"Silver Prominence"	"Lance"
6180	"Sol Prominence"	"Lance"
6181	"Immaculate Soul"	"Lance"
6182	"Blue Prominence"	"Lance"
6183	"Soul of Prominence"	"Lance"
6184	"Twistcrawl"	"Lance"
6185	"Twistcrawl+"	"Lance"
6186	"Twisting Crawler"	"Lance"
6187	"Paratwist Crawler"	"Lance"
6188	"Paragyred Spear"	"Lance"
6189	"Asclepius"	"Lance"
6190	"Jingana"	"Lance"
6191	"Jingana+"	"Lance"
6192	"Caduceus"	"Lance"
6193	"Expelger"	"Lance"
6194	"Expelgorer"	"Lance"
6195	"Expelgorer+"	"Lance"
6196	"Expelgouger"	"Lance"
6197	"Rexpelgouger"	"Lance"
6198	"Shuraba Lance"	"Lance"
6199	"Shula Shuraba"	"Lance"
6200	"White Shula Shuraba"	"Lance"
6201	"Gobulu Muruka"	"Lance"
6202	"Gobuluku Muraaka"	"Lance"
6203	"Gobulaluku Bosca"	"Lance"
6204	"Gobulaluku Aquir"	"Lance"
6205	"Usurper's Coming"	"Lance"
6206	"Despot's Cacophony"	"Lance"
6207	"Demon Lance"	"Lance"
6208	"Great Demon Lance"	"Lance"
6209	"Demonlance Rajang"	"Lance"
6210	"Demonray Rajang"	"Lance"
6211	"Brimstren Draketail"	"Lance"
6212	"Brimstren Draketail+"	"Lance"
6213	"Stygian Ira"	"Lance"
6214	"Oppressor's Genesis"	"Lance"
6215	"Orcus Galeus"	"Lance"
6216	"Carnivicious"	"Lance"
6217	"Carnivicious+"	"Lance"
6218	"Omnivicious"	"Lance"
6219	"Omnivoracious"	"Lance"
6220	"The Destructor"	"Lance"
6221	"Icelance Zamtrios"	"Lance"
6222	"Carnelian Lance"	"Lance"
6223	"Crystalis"	"Lance"
6224	"Incessant Raven"	"Lance"
6225	"Incessant Wolf"	"Lance"
6226	"Incessant Crow"	"Lance"
6227	"Incessant Pox"	"Lance"
6228	"Garuga Incessance"	"Lance"
6229	"Sharq Byte"	"Lance"
6230	"Sharq Attaq"	"Lance"
6231	"Sharq Assawlt"	"Lance"
6232	"Aqua Spear"	"Lance"
6233	"Stream Spear"	"Lance"
6234	"Emerald Spear"	"Lance"
6235	"Watery Trishula"	"Lance"
6236	"Watery Trishula+"	"Lance"
6237	"Esmeralda's Tide"	"Lance"
6238	"Thunderspear"	"Lance"
6239	"Thunderlance"	"Lance"
6240	"Naar Thunderlance"	"Lance"
6241	"Bone Claw Lance"	"Lance"
6242	"Bone Claw Lance+"	"Lance"
6243	"Shell Claw Lance"	"Lance"
6244	"Giant Hermitaur Lance"	"Lance"
6245	"Blue Crater"	"Lance"
6246	"Doom Crown"	"Lance"
6247	"Eterno Crown"	"Lance"
6248	"Aidion Crown"	"Lance"
6249	"Grief Lance"	"Lance"
6250	"Fiendish Tower"	"Lance"
6251	"Nero's Atrocity"	"Lance"
6252	"Crimson Lance"	"Lance"
6253	"Crimson Lance+"	"Lance"
6254	"Crimson War Pike"	"Lance"
6255	"Crimson Monoblos"	"Lance"
6256	"Ceramic Blos Lance"	"Lance"
6257	"White Catastrophe"	"Lance"
6258	"Harbah Lance"	"Lance"
6259	"Harbah Lance+"	"Lance"
6260	"Seditious Lance"	"Lance"
6261	"Hadad Sedition"	"Lance"
6262	"Shellslab Prong"	"Lance"
6263	"The Steadfast Aegis"	"Lance"
6264	"Ethelred the Ready"	"Lance"
6265	"Dalamadur Lance"	"Lance"
6266	"Generous Dalamadur"	"Lance"
6267	"Ukanlos Calamity"	"Lance"
6268	"Ukanlos Skysweeper"	"Lance"
6269	"Fatalis Lance"	"Lance"
6270	"True Fatalis Lance"	"Lance"
6271	"Ruiner Lance"	"Lance"
6272	"True Ruiner Lance"	"Lance"
6273	"Tusk Lance"	"Lance"
6274	"Sabertooth"	"Lance"
6275	"Luzifer/Sage"	"Lance"
6276	"Eldaora's Fang"	"Lance"
6277	"Fettering Rebuke"	"Lance"
6278	"Aether Geghard"	"Lance"
6279	"W. Fatalis Lance"	"Lance"
6280	"Rusted Lance"	"Lance"
6281	"Tarnished Lance"	"Lance"
6282	"Undertaker"	"Lance"
6283	"High Undertaker"	"Lance"
6284	"Neo Undertaker"	"Lance"
6285	"Icesteel Spear"	"Lance"
6286	"Daora's Fang"	"Lance"
6287	"Daora's Regulus"	"Lance"
6288	"Worn Spear"	"Lance"
6289	"Weathered Spear"	"Lance"
6290	"Skyscraper"	"Lance"
6291	"Skyscraper+"	"Lance"
6292	"Skysunderer"	"Lance"
6293	"Teostra's Howl"	"Lance"
6294	"Teostra's Roar"	"Lance"
6295	"Teostra's Fire"	"Lance"
6296	"ブレインフォックス"	"Lance"
6297	"特捜隊専用槍【百狐】"	"Lance"
6298	"Iron Gunlance"	"Gunlance"
6299	"Iron Gunlance+"	"Gunlance"
6300	"Steel Gunlance"	"Gunlance"
6301	"Striker's Gunlance"	"Gunlance"
6302	"Defender's Gunlance"	"Gunlance"
6303	"Imperial Guardlance"	"Gunlance"
6304	"General's Arbalance"	"Gunlance"
6305	"Admiral's Arbalance"	"Gunlance"
6306	"Admiral's Arbalance+"	"Gunlance"
6307	"Imperial Swornlance"	"Gunlance"
6308	"Ancient Gyrelance"	"Gunlance"
6309	"Ancient Gyresmite"	"Gunlance"
6310	"Progenesis"	"Gunlance"
6311	"Empire"	"Gunlance"
6312	"Lagia Burst"	"Gunlance"
6313	"Eutaxy Whitebolt"	"Gunlance"
6314	"Nether Jugulus"	"Gunlance"
6315	"Red Rook"	"Gunlance"
6316	"Red Rook+"	"Gunlance"
6317	"Crimson Rook"	"Gunlance"
6318	"Silver Rook"	"Gunlance"
6319	"Chariot Gun"	"Gunlance"
6320	"World's Demise"	"Gunlance"
6321	"Eine Wahrheit"	"Gunlance"
6322	"Dios Gunlance"	"Gunlance"
6323	"Dios Gunlance+"	"Gunlance"
6324	"Demolition Gunlance"	"Gunlance"
6325	"Zvolta Demolisher"	"Gunlance"
6326	"Lightbreak Gunlance"	"Gunlance"
6327	"Full Voltage"	"Gunlance"
6328	"Full Generator"	"Gunlance"
6329	"Red Generator"	"Gunlance"
6330	"Bloodied Dynamo"	"Gunlance"
6331	"Blood Bolt"	"Gunlance"
6332	"Blood Thunder"	"Gunlance"
6333	"Red Devil Gunlance"	"Gunlance"
6334	"Red Devil Smasher"	"Gunlance"
6335	"Blue Devil Uberlance"	"Gunlance"
6336	"Blue Devil Opus"	"Gunlance"
6337	"Rampage Cannonlance"	"Gunlance"
6338	"Rampage Firebelcher"	"Gunlance"
6339	"White Gunlance"	"Gunlance"
6340	"White Cannon"	"Gunlance"
6341	"Black Gunlance"	"Gunlance"
6342	"Black Gore Cannon"	"Gunlance"
6343	"Black Gore Buster"	"Gunlance"
6344	"Seadiver"	"Gunlance"
6345	"Seadiver+"	"Gunlance"
6346	"Deepbuster"	"Gunlance"
6347	"Deep Gunbuster"	"Gunlance"
6348	"Megalo Mincer"	"Gunlance"
6349	"Jones's Locker"	"Gunlance"
6350	"Tetrozonata"	"Gunlance"
6351	"Velenofragola"	"Gunlance"
6352	"Bone Gunlance"	"Gunlance"
6353	"Great Bone Gunlance"	"Gunlance"
6354	"Jaggid Gunlance"	"Gunlance"
6355	"Jaggid Gunlance+"	"Gunlance"
6356	"Hurricane Gunlance"	"Gunlance"
6357	"Tiger Blast"	"Gunlance"
6358	"Tigrex Gunlance"	"Gunlance"
6359	"Accursed Blast"	"Gunlance"
6360	"Menacing Gravegun"	"Gunlance"
6361	"Menacing Gravegun+"	"Gunlance"
6362	"Hounding Grisgun"	"Gunlance"
6363	"Demon Gunlance"	"Gunlance"
6364	"Great Demon Gunlance"	"Gunlance"
6365	"Grt Demon Gunlance+"	"Gunlance"
6366	"Demonlord Gunlance"	"Gunlance"
6367	"Tyrannenarm"	"Gunlance"
6368	"Verräterarm"	"Gunlance"
6369	"Hochmutsarm"	"Gunlance"
6370	"L'Onde"	"Gunlance"
6371	"Le Mur"	"Gunlance"
6372	"La Forteresse"	"Gunlance"
6373	"Princess Panoply"	"Gunlance"
6374	"Princess Panoply+"	"Gunlance"
6375	"Ortlinde"	"Gunlance"
6376	"Queen's Panoply"	"Gunlance"
6377	"Shining Ishtar"	"Gunlance"
6378	"Shining Astarte"	"Gunlance"
6379	"Shimmering Tiamat"	"Gunlance"
6380	"Usurper's Roar"	"Gunlance"
6381	"Usurper's Roar+"	"Gunlance"
6382	"Despot's Phlogiston"	"Gunlance"
6383	"Oppressor's Skyfall"	"Gunlance"
6384	"Brimstren Drakeblood"	"Gunlance"
6385	"Brimstren Drakeblood+"	"Gunlance"
6386	"Stygian Avaritia"	"Gunlance"
6387	"Average Hitter"	"Gunlance"
6388	"Grand Slam"	"Gunlance"
6389	"Hard Hitter"	"Gunlance"
6390	"Big Slugger"	"Gunlance"
6391	"Big Slugger+"	"Gunlance"
6392	"Triple Crown"	"Gunlance"
6393	"Lagomberator"	"Gunlance"
6394	"Lagomberatrix"	"Gunlance"
6395	"Lagomberastrophe"	"Gunlance"
6396	"Lagombergeddon"	"Gunlance"
6397	"Lagombalanche"	"Gunlance"
6398	"Lagombavalanga"	"Gunlance"
6399	"Shell Gunbird"	"Gunlance"
6400	"Shell Gunbird+"	"Gunlance"
6401	"Noble Gunbird"	"Gunlance"
6402	"Royal Gunbird"	"Gunlance"
6403	"Royal Gunbird+"	"Gunlance"
6404	"Nightfall Cannon"	"Gunlance"
6405	"Nux Cannon"	"Gunlance"
6406	"Peco Teepee"	"Gunlance"
6407	"Peco Teepee+"	"Gunlance"
6408	"Feather Gunlance"	"Gunlance"
6409	"Hypno Cannon"	"Gunlance"
6410	"Hypnos"	"Gunlance"
6411	"Felyoshka"	"Gunlance"
6412	"Felyoshka+"	"Gunlance"
6413	"Felicitous Felyoshka"	"Gunlance"
6414	"Marine Fisher"	"Gunlance"
6415	"Abyssal Fisher"	"Gunlance"
6416	"Deep Blue Sea"	"Gunlance"
6417	"Leviathan Gunlance"	"Gunlance"
6418	"Diviathan Gunlance"	"Gunlance"
6419	"Sea Abyss"	"Gunlance"
6420	"Brilliance"	"Gunlance"
6421	"Amaterasu"	"Gunlance"
6422	"Iwato"	"Gunlance"
6423	"Amatsuhiko"	"Gunlance"
6424	"Ravenous Gunlance"	"Gunlance"
6425	"Insatiable Gunlance"	"Gunlance"
6426	"Consummate Gunlance"	"Gunlance"
6427	"Doomlance ""Greed"""	"Gunlance"
6428	"Scissor Gunlance"	"Gunlance"
6429	"Scissor Cannon"	"Gunlance"
6430	"Violet Cannon"	"Gunlance"
6431	"Violet Buster"	"Gunlance"
6432	"Cornpopper"	"Gunlance"
6433	"Mighty Cornpopper"	"Gunlance"
6434	"Jaya Gunlance"	"Gunlance"
6435	"Jaya Gunlance+"	"Gunlance"
6436	"Seditious Gunlance"	"Gunlance"
6437	"Tamarod Sedition"	"Gunlance"
6438	"Illstarred Gunlance"	"Gunlance"
6439	"The Celestial Fall"	"Gunlance"
6440	"Ethelbald the Dire"	"Gunlance"
6441	"Dalamadur Gunlance"	"Gunlance"
6442	"Unchained Dalamadur"	"Gunlance"
6443	"Akantor Gunlance"	"Gunlance"
6444	"Akantor Cannonlance"	"Gunlance"
6445	"Ukanlos Gunlance"	"Gunlance"
6446	"Ukanlos Cannonlance"	"Gunlance"
6447	"Fatalis Gunlance"	"Gunlance"
6448	"True Fatalis Gunlance"	"Gunlance"
6449	"Monsieur Gore"	"Gunlance"
6450	"Monsieur Gore+"	"Gunlance"
6451	"Madame Butcher"	"Gunlance"
6452	"Seltas Fortitude"	"Gunlance"
6453	"Mauer/Guerre"	"Gunlance"
6454	"Venomous Perfume"	"Gunlance"
6455	"Eldaora's Brigia"	"Gunlance"
6456	"Towering Demise"	"Gunlance"
6457	"Auguring Prophet"	"Gunlance"
6458	"Hellruin Gunlance"	"Gunlance"
6459	"W. Fatalis Gunlance"	"Gunlance"
6460	"Worn Gunlance"	"Gunlance"
6461	"Weathered Gunlance"	"Gunlance"
6462	"Obelisk"	"Gunlance"
6463	"Deus Obelisk"	"Gunlance"
6464	"Luna's Howl"	"Gunlance"
6465	"Luna's Flare"	"Gunlance"
6466	"Luna's Flare+"	"Gunlance"
6467	"Luna's Sun"	"Gunlance"
6468	"Icesteel Gunlance"	"Gunlance"
6469	"Daora's Brigia"	"Gunlance"
6470	"Daora's Tempest"	"Gunlance"
6471	"シルバークラウン"	"Gunlance"
6472	"ゴールドクラウン"	"Gunlance"
6473	"プラチナクラウン"	"Gunlance"
6474	"Bamboo Birdsbane"	"Gunlance"
6475	"Bamboo Lionsbane"	"Gunlance"
6476	"Bamboo Dragonsbane"	"Gunlance"
6477	"ボルティックワークス"	"Gunlance"
6478	"Bone Axe"	"Switch Axe"
6479	"Bone Axe+"	"Switch Axe"
6480	"Bone Smasher"	"Switch Axe"
6481	"Power Gasher"	"Switch Axe"
6482	"Massive Gasher"	"Switch Axe"
6483	"Maximal Gasher"	"Switch Axe"
6484	"Elite Switch Axe"	"Switch Axe"
6485	"Elite Switch Axe+"	"Switch Axe"
6486	"Czar Switch Axe"	"Switch Axe"
6487	"General's Strongaxe"	"Switch Axe"
6488	"Conqueress"	"Switch Axe"
6489	"Amber Slash"	"Switch Axe"
6490	"Galefrost"	"Switch Axe"
6491	"Galefrost+"	"Switch Axe"
6492	"Giga Galefrost"	"Switch Axe"
6493	"Rath Flame Splitter"	"Switch Axe"
6494	"Rath Blaze Splitter"	"Switch Axe"
6495	"Rathsplicer"	"Switch Axe"
6496	"Rathlagration"	"Switch Axe"
6497	"Rathscension"	"Switch Axe"
6498	"Dragonmaiden Axe"	"Switch Axe"
6499	"Dragonmaiden Axe+"	"Switch Axe"
6500	"Gríðr's Landmaker"	"Switch Axe"
6501	"Azure Rose"	"Switch Axe"
6502	"Azure Rosebloom"	"Switch Axe"
6503	"Azure Straybloom"	"Switch Axe"
6504	"Vavoom Axe"	"Switch Axe"
6505	"Vavoom Axe+"	"Switch Axe"
6506	"Vavoom Verdict"	"Switch Axe"
6507	"Vavoom Vengeance"	"Switch Axe"
6508	"Vavoom Vindication"	"Switch Axe"
6509	"Vavoom Nakha"	"Switch Axe"
6510	"Weird Wacha Nakha"	"Switch Axe"
6511	"Tanka Talon"	"Switch Axe"
6512	"Tatanka Talon"	"Switch Axe"
6513	"Usurper's Downpour"	"Switch Axe"
6514	"Despot's Cloudburst"	"Switch Axe"
6515	"Brimstren Drakefang"	"Switch Axe"
6516	"Brimstren Drakefang+"	"Switch Axe"
6517	"Stygian Vanagloria"	"Switch Axe"
6518	"Volt Axe"	"Switch Axe"
6519	"Remiel Whitebolt"	"Switch Axe"
6520	"Nether Excellion"	"Switch Axe"
6521	"Notched Doom"	"Switch Axe"
6522	"Notched Doom+"	"Switch Axe"
6523	"Notched Tyrant"	"Switch Axe"
6524	"Notched Oppressor"	"Switch Axe"
6525	"Notched Oppressor+"	"Switch Axe"
6526	"Notched Diavolo"	"Switch Axe"
6527	"Allagi Tigermaw"	"Switch Axe"
6528	"Zamtreacherous Maw"	"Switch Axe"
6529	"Dios Axe"	"Switch Axe"
6530	"Dios Axe+"	"Switch Axe"
6531	"Demolition Axe"	"Switch Axe"
6532	"Brisant Demolisher"	"Switch Axe"
6533	"Lightbreak Axe"	"Switch Axe"
6534	"Barbarian Axe"	"Switch Axe"
6535	"Bold Barbarian Axe"	"Switch Axe"
6536	"Barbarian Outcast"	"Switch Axe"
6537	"Bruiser Axe"	"Switch Axe"
6538	"Chief Bruiser Axe"	"Switch Axe"
6539	"Waxglare Wand"	"Switch Axe"
6540	"Pecospander"	"Switch Axe"
6541	"Pecospander+"	"Switch Axe"
6542	"Qurupexspander"	"Switch Axe"
6543	"Qurupexspander+"	"Switch Axe"
6544	"Helstrong Firebath"	"Switch Axe"
6545	"Wild Axe"	"Switch Axe"
6546	"Wild Axe+"	"Switch Axe"
6547	"Ground Dasher"	"Switch Axe"
6548	"Rex Slasher"	"Switch Axe"
6549	"Rex Gnasher"	"Switch Axe"
6550	"Accursed Switcher"	"Switch Axe"
6551	"Sheltered Graveaxe"	"Switch Axe"
6552	"Sheltered Graveaxe+"	"Switch Axe"
6553	"Crazed Grisaxe"	"Switch Axe"
6554	"Axe Semper Tyrannis"	"Switch Axe"
6555	"Axe of Gaia"	"Switch Axe"
6556	"Axe of Thanatos"	"Switch Axe"
6557	"Axe of Hades"	"Switch Axe"
6558	"Eisenleib"	"Switch Axe"
6559	"Eisengeist"	"Switch Axe"
6560	"Eisenherz"	"Switch Axe"
6561	"La Guillotine"	"Switch Axe"
6562	"Le Sursis"	"Switch Axe"
6563	"La Conclusion"	"Switch Axe"
6564	"Assault Axe"	"Switch Axe"
6565	"Blitzkrieg"	"Switch Axe"
6566	"Binding Roller"	"Switch Axe"
6567	"Vermilingua"	"Switch Axe"
6568	"Vermilion Bloodaxe"	"Switch Axe"
6569	"Flickaxe"	"Switch Axe"
6570	"Flickaxe+"	"Switch Axe"
6571	"Flicker Axe"	"Switch Axe"
6572	"Paraflick Axe"	"Switch Axe"
6573	"Paracrux Axe"	"Switch Axe"
6574	"Basilisk"	"Switch Axe"
6575	"Cryoseism"	"Switch Axe"
6576	"Illuyanka"	"Switch Axe"
6577	"Grim Cat"	"Switch Axe"
6578	"Grimmig Katze"	"Switch Axe"
6579	"Rupture"	"Switch Axe"
6580	"Izanagi"	"Switch Axe"
6581	"Futara"	"Switch Axe"
6582	"Yamatsumi"	"Switch Axe"
6583	"Peal"	"Switch Axe"
6584	"Kirin Thunderpeal"	"Switch Axe"
6585	"Kirin Thunderpeal+"	"Switch Axe"
6586	"Archbeast Kirin"	"Switch Axe"
6587	"Rough Edge"	"Switch Axe"
6588	"Soulbreaker"	"Switch Axe"
6589	"Soulcrusher"	"Switch Axe"
6590	"Helios Crusher"	"Switch Axe"
6591	"Tyrannos"	"Switch Axe"
6592	"Terror Tyrannos"	"Switch Axe"
6593	"Saligia Vileaxe"	"Switch Axe"
6594	"Doomaxe ""Downpour"""	"Switch Axe"
6595	"Aksa Switch"	"Switch Axe"
6596	"Aksa Switch+"	"Switch Axe"
6597	"Seditious Axe"	"Switch Axe"
6598	"Baraq Sedition"	"Switch Axe"
6599	"Keenscale Phalanx"	"Switch Axe"
6600	"The Exuberant Bite"	"Switch Axe"
6601	"Oda the Conqueror"	"Switch Axe"
6602	"Dalamadur Axe"	"Switch Axe"
6603	"Praying Dalamadur"	"Switch Axe"
6604	"Kirin Thunderbolt"	"Switch Axe"
6605	"Bitterbeast Kirin"	"Switch Axe"
6606	"Akantor Switch Axe"	"Switch Axe"
6607	"Akantor Divider"	"Switch Axe"
6608	"Great Inceadeus"	"Switch Axe"
6609	"Ceadeed Axe"	"Switch Axe"
6610	"Fatalis's End"	"Switch Axe"
6611	"True Fatalis's End"	"Switch Axe"
6612	"Ruiner's Bane"	"Switch Axe"
6613	"True Ruiner's Bane"	"Switch Axe"
6614	"Frevel/Sursis"	"Switch Axe"
6615	"Eldaora's Farasa"	"Switch Axe"
6616	"Punishable Sin"	"Switch Axe"
6617	"Wicked Conqueror"	"Switch Axe"
6618	"Fatalis Force"	"Switch Axe"
6619	"Worn Switch Axe"	"Switch Axe"
6620	"Weathered Switch Axe"	"Switch Axe"
6621	"Mundus Altus"	"Switch Axe"
6622	"Mundus Altus+"	"Switch Axe"
6623	"Mundus Regius"	"Switch Axe"
6624	"Teostra's Arx"	"Switch Axe"
6625	"Teostra's Castle"	"Switch Axe"
6626	"Daora's Farasa"	"Switch Axe"
6627	"Daora's Janah"	"Switch Axe"
6628	"海賊Ｊアックス"	"Switch Axe"
6629	"大海賊Ｊアックス"	"Switch Axe"
6630	"スラッシュフォックス"	"Switch Axe"
6631	"特報隊専用斧【仙狐】"	"Switch Axe"
6632	"EX Rupture"	"Switch Axe"
6633	"EX Izanagi"	"Switch Axe"
6634	"Elite Blade"	"Charge Blade"
6635	"Elite Blade+"	"Charge Blade"
6636	"Defender's Blade"	"Charge Blade"
6637	"Kaiser Blade"	"Charge Blade"
6638	"Blackguard"	"Charge Blade"
6639	"Full Blackguard"	"Charge Blade"
6640	"Full Blackguard+"	"Charge Blade"
6641	"Schwarzschild"	"Charge Blade"
6642	"Sentinel Blade"	"Charge Blade"
6643	"Sentinel Blade+"	"Charge Blade"
6644	"Noblest of Lieges"	"Charge Blade"
6645	"K. Captain's Blade"	"Charge Blade"
6646	"Die Walküre"	"Charge Blade"
6647	"Dear Lutemis"	"Charge Blade"
6648	"Dear Lutemia"	"Charge Blade"
6649	"Dear Hecatel"	"Charge Blade"
6650	"Dear Hecatelia"	"Charge Blade"
6651	"Dear Rose"	"Charge Blade"
6652	"Dear Rosetta"	"Charge Blade"
6653	"Luna Eostre"	"Charge Blade"
6654	"Azure Swallow"	"Charge Blade"
6655	"Azure Skylark"	"Charge Blade"
6656	"Axelion Blade"	"Charge Blade"
6657	"Halberion Blade"	"Charge Blade"
6658	"Bardichion Blade"	"Charge Blade"
6659	"Hellsire Blade"	"Charge Blade"
6660	"Hellspawn Blade"	"Charge Blade"
6661	"Rathflame Ubernova"	"Charge Blade"
6662	"Blossomauler"	"Charge Blade"
6663	"Propensity"	"Charge Blade"
6664	"Guardsqual"	"Charge Blade"
6665	"Guardsqual+"	"Charge Blade"
6666	"Squaliarma"	"Charge Blade"
6667	"Squaliarmada"	"Charge Blade"
6668	"Serrated Glace"	"Charge Blade"
6669	"Trios Tristesse"	"Charge Blade"
6670	"The Haboob"	"Charge Blade"
6671	"Desert Rose"	"Charge Blade"
6672	"Elendskraft"	"Charge Blade"
6673	"Leidenskraft"	"Charge Blade"
6674	"Unheilskraft"	"Charge Blade"
6675	"L'Oppresseur"	"Charge Blade"
6676	"L'Essor"	"Charge Blade"
6677	"Le Salut"	"Charge Blade"
6678	"Permanence"	"Charge Blade"
6679	"Izanami"	"Charge Blade"
6680	"Kyusen"	"Charge Blade"
6681	"Watatsumi"	"Charge Blade"
6682	"Dios Strongarm"	"Charge Blade"
6683	"Demolition C. Blade"	"Charge Blade"
6684	"Fulgent Demolisher"	"Charge Blade"
6685	"Lightbreak C. Blade"	"Charge Blade"
6686	"Arachnoscale"	"Charge Blade"
6687	"Arachnoscale+"	"Charge Blade"
6688	"Arachnoscythe"	"Charge Blade"
6689	"Belobog's Scythe"	"Charge Blade"
6690	"Schwarzschlum"	"Charge Blade"
6691	"Schwarzschlum+"	"Charge Blade"
6692	"Chernobog's Scythe"	"Charge Blade"
6693	"Schildsect"	"Charge Blade"
6694	"Schildsect+"	"Charge Blade"
6695	"Galvanisect"	"Charge Blade"
6696	"Dominisect"	"Charge Blade"
6697	"Maximinsect"	"Charge Blade"
6698	"Aslat Charger"	"Charge Blade"
6699	"Aslat Charger+"	"Charge Blade"
6700	"Seditious C. Blade"	"Charge Blade"
6701	"Garuda Sedition"	"Charge Blade"
6702	"Deceadeus"	"Charge Blade"
6703	"Heroic Deceadeus"	"Charge Blade"
6704	"Ceadeus Regalia"	"Charge Blade"
6705	"Daora's Casca"	"Charge Blade"
6706	"Daora's Thwartoise"	"Charge Blade"
6707	"Teostra's Striker"	"Charge Blade"
6708	"Teostra's Nova"	"Charge Blade"
6709	"Bebladed Implement"	"Charge Blade"
6710	"Machina Razer"	"Charge Blade"
6711	"Adélie the Savior"	"Charge Blade"
6712	"Dalamadur C. Blade"	"Charge Blade"
6713	"Patient Dalamadur"	"Charge Blade"
6714	"Akantor C. Blade"	"Charge Blade"
6715	"Akantor Severance"	"Charge Blade"
6716	"Fatalis Charger"	"Charge Blade"
6717	"True Fatalis Charger"	"Charge Blade"
6718	"Ruiner Reaver"	"Charge Blade"
6719	"True Ruiner Reaver"	"Charge Blade"
6720	"Diablos Strongarm"	"Charge Blade"
6721	"Cera Cediment"	"Charge Blade"
6722	"Elends/Essor"	"Charge Blade"
6723	"Demonlord C. Blade"	"Charge Blade"
6724	"Demonlord Supersurge"	"Charge Blade"
6725	"Eldaora Casca"	"Charge Blade"
6726	"Forbidden Coffin"	"Charge Blade"
6727	"Promised Nadir"	"Charge Blade"
6728	"Fatalis Mien"	"Charge Blade"
6729	"Starlight Axe"	"Charge Blade"
6730	"Grandstar Axe"	"Charge Blade"
6731	"伝説Ｊアンカー"	"Charge Blade"
6732	"伝説Ｊレガシー"	"Charge Blade"
6733	"チャージフォックス"	"Charge Blade"
6734	"Bone Staff"	"Insect Glaive"
6735	"Bone Staff+"	"Insect Glaive"
6736	"Bone Glaive"	"Insect Glaive"
6737	"Bone Glaive+"	"Insect Glaive"
6738	"Aerial Glaive"	"Insect Glaive"
6739	"Sky-high Glaive"	"Insect Glaive"
6740	"Highest of Glaives"	"Insect Glaive"
6741	"Stealth Glaive"	"Insect Glaive"
6742	"Stealth Glaive+"	"Insect Glaive"
6743	"Stealth Glaive Redux"	"Insect Glaive"
6744	"Shadow Walker"	"Insect Glaive"
6745	"Spirit Eater"	"Insect Glaive"
6746	"Reaper's Stroke"	"Insect Glaive"
6747	"Leumundslist"	"Insect Glaive"
6748	"Leumundsgift"	"Insect Glaive"
6749	"Leumundsbruch"	"Insect Glaive"
6750	"Le Traqueur"	"Insect Glaive"
6751	"La Merveille"	"Insect Glaive"
6752	"Le Miracle"	"Insect Glaive"
6753	"Indigo Flash"	"Insect Glaive"
6754	"Azure Bolt"	"Insect Glaive"
6755	"Verdant Levin"	"Insect Glaive"
6756	"Boltbrute"	"Insect Glaive"
6757	"King Boltbrute"	"Insect Glaive"
6758	"Emperor Boltbrute"	"Insect Glaive"
6759	"Sturdy Glaive"	"Insect Glaive"
6760	"Sturdy Glaive+"	"Insect Glaive"
6761	"Sturdy Glaive Redux"	"Insect Glaive"
6762	"Deep Blue Glaive"	"Insect Glaive"
6763	"Midnight Glaive"	"Insect Glaive"
6764	"Mind Stick"	"Insect Glaive"
6765	"Mind Stick ""Stone"""	"Insect Glaive"
6766	"Mind Stick ""Rock"""	"Insect Glaive"
6767	"Mind Stick ""Mount"""	"Insect Glaive"
6768	"Mind Stick ""Wizard"""	"Insect Glaive"
6769	"Shell Intoner"	"Insect Glaive"
6770	"Shell Intoner+"	"Insect Glaive"
6771	"Crab Intoner"	"Insect Glaive"
6772	"Purple Intoner"	"Insect Glaive"
6773	"Hermit Scissors"	"Insect Glaive"
6774	"Assault Glaive"	"Insect Glaive"
6775	"Assault Glaive+"	"Insect Glaive"
6776	"Forewalker"	"Insect Glaive"
6777	"Silent Eye"	"Insect Glaive"
6778	"Silent Eye+"	"Insect Glaive"
6779	"Nightmare"	"Insect Glaive"
6780	"Sect Happa"	"Insect Glaive"
6781	"Sect Happa+"	"Insect Glaive"
6782	"Trim Happa"	"Insect Glaive"
6783	"Cannibal Happa"	"Insect Glaive"
6784	"Needle Ivy"	"Insect Glaive"
6785	"Needle Ivy+"	"Insect Glaive"
6786	"Needle Vine"	"Insect Glaive"
6787	"Paralyzing Vine"	"Insect Glaive"
6788	"Névé Rod"	"Insect Glaive"
6789	"Névé Rod+"	"Insect Glaive"
6790	"Névé Frost"	"Insect Glaive"
6791	"Fimbulvetr"	"Insect Glaive"
6792	"Altair"	"Insect Glaive"
6793	"Altair+"	"Insect Glaive"
6794	"Seditious Breaker"	"Insect Glaive"
6795	"Lana Sedition"	"Insect Glaive"
6796	"Dios Rod"	"Insect Glaive"
6797	"Demolition Press"	"Insect Glaive"
6798	"Quantum Demolisher"	"Insect Glaive"
6799	"Lightbreak Press"	"Insect Glaive"
6800	"Violindigo Hail"	"Insect Glaive"
6801	"Violazure Sleet"	"Insect Glaive"
6802	"Violverdant Glaze"	"Insect Glaive"
6803	"Icephantom"	"Insect Glaive"
6804	"Metal Mauler"	"Insect Glaive"
6805	"Metal Mauler+"	"Insect Glaive"
6806	"Metalmangler"	"Insect Glaive"
6807	"Metalmangler+"	"Insect Glaive"
6808	"Demonlord Cudgel"	"Insect Glaive"
6809	"Demonlord Grudgel"	"Insect Glaive"
6810	"Direspike Display"	"Insect Glaive"
6811	"Direspike Display+"	"Insect Glaive"
6812	"The Harmonious Stave"	"Insect Glaive"
6813	"Self-possession"	"Insect Glaive"
6814	"Dalamadur Scepter"	"Insect Glaive"
6815	"Bounding Dalamadur"	"Insect Glaive"
6816	"Heaven's Rath Glaive"	"Insect Glaive"
6817	"Rathful Blaze Glaive"	"Insect Glaive"
6818	"Unprecedented Rath"	"Insect Glaive"
6819	"Propagation"	"Insect Glaive"
6820	"Blossomajesty"	"Insect Glaive"
6821	"Universus"	"Insect Glaive"
6822	"Daora's Entom"	"Insect Glaive"
6823	"Daora's Tethidine"	"Insect Glaive"
6824	"Daora's Samudra"	"Insect Glaive"
6825	"Ukanlos Staff"	"Insect Glaive"
6826	"Ukanlos Staff+"	"Insect Glaive"
6827	"Ukanlos Skytraveler"	"Insect Glaive"
6828	"Fatalis Glaive"	"Insect Glaive"
6829	"Fatalis Glaive+"	"Insect Glaive"
6830	"Fatalis Fate"	"Insect Glaive"
6831	"True Fatalis Dyaus"	"Insect Glaive"
6832	"Mind Stick ""Wonder"""	"Insect Glaive"
6833	"Mind Stick ""Demon"""	"Insect Glaive"
6834	"Mind Stick ""Fiend"""	"Insect Glaive"
6835	"Medusa"	"Insect Glaive"
6836	"Medusa+"	"Insect Glaive"
6837	"Medusa Mirror"	"Insect Glaive"
6838	"Sand Fauchard"	"Insect Glaive"
6839	"Sand Fauchard+"	"Insect Glaive"
6840	"Iörovellir"	"Insect Glaive"
6841	"Diablos Rod"	"Insect Glaive"
6842	"Diablos Rod+"	"Insect Glaive"
6843	"Tyrant Rod"	"Insect Glaive"
6844	"Thanatos Rod"	"Insect Glaive"
6845	"Thanatos Rod+"	"Insect Glaive"
6846	"Anubis"	"Insect Glaive"
6847	"List/Confiance"	"Insect Glaive"
6848	"Bruch/Logique"	"Insect Glaive"
6849	"Wehmut/Merveille"	"Insect Glaive"
6850	"Caster's Rod"	"Insect Glaive"
6851	"Caster's Rod+"	"Insect Glaive"
6852	"Hazy Caster"	"Insect Glaive"
6853	"Eldaora's Entom"	"Insect Glaive"
6854	"Eldaora's Tethidine"	"Insect Glaive"
6855	"Eldaora's Samudra"	"Insect Glaive"
6856	"Messenger's Mark"	"Insect Glaive"
6857	"Luminary's Mark"	"Insect Glaive"
6858	"Limbo Lacrimosa"	"Insect Glaive"
6859	"Hellruin Glaive"	"Insect Glaive"
6860	"Hellruin Glaive ""Gift"""	"Insect Glaive"
6861	"Hellruin Glaive ""Omen"""	"Insect Glaive"
6862	"Fatalis Soldier"	"Insect Glaive"
6863	"Fatalis Enforcer"	"Insect Glaive"
6864	"Fatalis Overlord"	"Insect Glaive"
6865	"クリマ・タクト"	"Insect Glaive"
6866	"Clockwork"	"Insect Glaive"
6867	"断罪の銃棍Ｊ"	"Insect Glaive"
6868	"Cross Bowgun"	"Light Bowgun"
6869	"Cross Bowgun+"	"Light Bowgun"
6870	"Grenade Launcher"	"Light Bowgun"
6871	"Grenade Launcher+"	"Light Bowgun"
6872	"Grenade Revolver"	"Light Bowgun"
6873	"Burst Revolver"	"Light Bowgun"
6874	"Volarevolver"	"Light Bowgun"
6875	"Rathling Gun"	"Light Bowgun"
6876	"Rathling Doombringer"	"Light Bowgun"
6877	"Rathling Phoenix"	"Light Bowgun"
6878	"Azurathling Skysear"	"Light Bowgun"
6879	"Azurathling Sunsear"	"Light Bowgun"
6880	"Searulean Firedance"	"Light Bowgun"
6881	"Searulean Firebath"	"Light Bowgun"
6882	"Blossomayhem"	"Light Bowgun"
6883	"Mille Blossomayhem"	"Light Bowgun"
6884	"Prosperity"	"Light Bowgun"
6885	"Jaggid Fire"	"Light Bowgun"
6886	"Bandit Fire"	"Light Bowgun"
6887	"Bandit's Rage"	"Light Bowgun"
6888	"Merciless Rage"	"Light Bowgun"
6889	"Usurper's Crime"	"Light Bowgun"
6890	"Usurper's Crime+"	"Light Bowgun"
6891	"Despot's Wildfire"	"Light Bowgun"
6892	"Brimstren Drakekiss"	"Light Bowgun"
6893	"Oppressor's Rift"	"Light Bowgun"
6894	"Orcus Barqus"	"Light Bowgun"
6895	"Brimstren Drakevow"	"Light Bowgun"
6896	"Brimstren Drakevow+"	"Light Bowgun"
6897	"Stygian Invidia"	"Light Bowgun"
6898	"Simple Shooter"	"Light Bowgun"
6899	"Simple Shooter+"	"Light Bowgun"
6900	"Shotgun (Blood)"	"Light Bowgun"
6901	"Crimson Blade Shower"	"Light Bowgun"
6902	"Rouge Shooter"	"Light Bowgun"
6903	"Rouge Shooter+"	"Light Bowgun"
6904	"Rouge Burst"	"Light Bowgun"
6905	"Shotgun (Green)"	"Light Bowgun"
6906	"Green Blade Shower"	"Light Bowgun"
6907	"Vert Shooter"	"Light Bowgun"
6908	"Vert Shooter+"	"Light Bowgun"
6909	"Shell Shooter"	"Light Bowgun"
6910	"Shell Gatling"	"Light Bowgun"
6911	"Insect Vulcan"	"Light Bowgun"
6912	"Hornet's Nest"	"Light Bowgun"
6913	"Machine Strafer"	"Light Bowgun"
6914	"Battalion Strafer"	"Light Bowgun"
6915	"Sawgun"	"Light Bowgun"
6916	"Sawgun+"	"Light Bowgun"
6917	"Buzzawgun"	"Light Bowgun"
6918	"Buzzawcannon"	"Light Bowgun"
6919	"Precision Pusca"	"Light Bowgun"
6920	"Precision Punisher"	"Light Bowgun"
6921	"Fäulnisschleuder"	"Light Bowgun"
6922	"Wahnschleuder"	"Light Bowgun"
6923	"Teufelsschleuder"	"Light Bowgun"
6924	"La Lumière"	"Light Bowgun"
6925	"Le Condamnateur"	"Light Bowgun"
6926	"La Vertu"	"Light Bowgun"
6927	"L'Éden"	"Light Bowgun"
6928	"Kut-Ku Anger"	"Light Bowgun"
6929	"Kut-Ku Anger+"	"Light Bowgun"
6930	"Kut-Ku Counterattack"	"Light Bowgun"
6931	"Kut-Ku Rage"	"Light Bowgun"
6932	"Kut-Ku Barrage"	"Light Bowgun"
6933	"Kut-Ku Barrage+"	"Light Bowgun"
6934	"Raven Do"	"Light Bowgun"
6935	"Wolf Do"	"Light Bowgun"
6936	"Crow Do"	"Light Bowgun"
6937	"Garuga Espringal"	"Light Bowgun"
6938	"Royal Launcher"	"Light Bowgun"
6939	"Royal Torrent"	"Light Bowgun"
6940	"Royal Inundation"	"Light Bowgun"
6941	"Maelstrom"	"Light Bowgun"
6942	"Maelstrom+"	"Light Bowgun"
6943	"Plesioth Drencher"	"Light Bowgun"
6944	"Khezu Syringe"	"Light Bowgun"
6945	"Khezu Hypo"	"Light Bowgun"
6946	"Hyodermic Miracle"	"Light Bowgun"
6947	"Blood Syringe"	"Light Bowgun"
6948	"Blood Injection"	"Light Bowgun"
6949	"Barro Barrel"	"Light Bowgun"
6950	"Barro Barrel+"	"Light Bowgun"
6951	"Barrozooka"	"Light Bowgun"
6952	"Aurora Flare"	"Light Bowgun"
6953	"Glacialahti"	"Light Bowgun"
6954	"Arctica Cannon"	"Light Bowgun"
6955	"Dios Blaster"	"Light Bowgun"
6956	"Dios Blaster+"	"Light Bowgun"
6957	"Demolition Gun"	"Light Bowgun"
6958	"Ballista Demolisher"	"Light Bowgun"
6959	"Ballista Demolisher+"	"Light Bowgun"
6960	"Lightbreak Gun"	"Light Bowgun"
6961	"Blitz Bowgun"	"Light Bowgun"
6962	"Blitz Kirin"	"Light Bowgun"
6963	"Blitz Kirin King"	"Light Bowgun"
6964	"Cross Blitz"	"Light Bowgun"
6965	"Cross Blitzkrieg"	"Light Bowgun"
6966	"Shotgun (Azure)"	"Light Bowgun"
6967	"Blue Shooter"	"Light Bowgun"
6968	"Blue Shooter+"	"Light Bowgun"
6969	"Blue Burst"	"Light Bowgun"
6970	"Devil's Grin"	"Light Bowgun"
6971	"Devil's Madness"	"Light Bowgun"
6972	"Diregun ""Dementia"""	"Light Bowgun"
6973	"Doomgun ""Dementia"""	"Light Bowgun"
6974	"Blizzard Cannon"	"Light Bowgun"
6975	"Tabula Blizzara"	"Light Bowgun"
6976	"Diamond Frost"	"Light Bowgun"
6977	"Diamond Crest"	"Light Bowgun"
6978	"Felyne Helldoll"	"Light Bowgun"
6979	"Felyne Heavendoll"	"Light Bowgun"
6980	"Thundacrus"	"Light Bowgun"
6981	"Thundacrus Rex"	"Light Bowgun"
6982	"Neo Thundacrus"	"Light Bowgun"
6983	"Eclair Whitebolt"	"Light Bowgun"
6984	"Nether Phloxion"	"Light Bowgun"
6985	"Rasasa Bowgun"	"Light Bowgun"
6986	"Rasasa Bowgun+"	"Light Bowgun"
6987	"Seditious Shot"	"Light Bowgun"
6988	"Vayu Sedition"	"Light Bowgun"
6989	"Frigid Bowgun"	"Light Bowgun"
6990	"Frigid Kirin"	"Light Bowgun"
6991	"Frigid Kirin King"	"Light Bowgun"
6992	"Rajang Barrage"	"Light Bowgun"
6993	"Ten Thousand Volts"	"Light Bowgun"
6994	"Ten Million Volts"	"Light Bowgun"
6995	"Demonlord Cannon"	"Light Bowgun"
6996	"Penetrating Gaze"	"Light Bowgun"
6997	"Hayha Voidmaker"	"Light Bowgun"
6998	"Krasnojarsk the Mad"	"Light Bowgun"
6999	"Dalamadur Fire"	"Light Bowgun"
7000	"Buoyant Dalamadur"	"Light Bowgun"
7001	"Icesteel Wasp"	"Light Bowgun"
7002	"Daora's Hornet"	"Light Bowgun"
7003	"Ukanlos Flame Bow"	"Light Bowgun"
7004	"Ukanlos Skylighter"	"Light Bowgun"
7005	"Black Parasol"	"Light Bowgun"
7006	"Dark Parasol"	"Light Bowgun"
7007	"Zhen Angler"	"Light Bowgun"
7008	"Gobul Ganador"	"Light Bowgun"
7009	"Tigrex Tank"	"Light Bowgun"
7010	"Tigrex Wargun"	"Light Bowgun"
7011	"Heavy Grisfire"	"Light Bowgun"
7012	"Fäulnis/Vertu"	"Light Bowgun"
7013	"Genie's Lamp"	"Light Bowgun"
7014	"Eldaora's Hornet"	"Light Bowgun"
7015	"Bethorned Dystopia"	"Light Bowgun"
7016	"Dith Valor"	"Light Bowgun"
7017	"Absolute Bowgun"	"Light Bowgun"
7018	"Demon's Isle"	"Light Bowgun"
7019	"Demon's Island"	"Light Bowgun"
7020	"God's Isle"	"Light Bowgun"
7021	"God's Island"	"Light Bowgun"
7022	"God's Archipelago"	"Light Bowgun"
7023	"Kettleblower"	"Light Bowgun"
7024	"Kettleblower Deluxe"	"Light Bowgun"
7025	"Shakalaka Prized Bow"	"Light Bowgun"
7026	"Hexed Shaka Bow"	"Light Bowgun"
7027	"Frilly Pink Parasol"	"Light Bowgun"
7028	"Arm Cannon"	"Light Bowgun"
7029	"Bone Shooter"	"Heavy Bowgun"
7030	"Bone Shooter+"	"Heavy Bowgun"
7031	"Straw Drumcannon"	"Heavy Bowgun"
7032	"Shirabeo"	"Heavy Bowgun"
7033	"Ratatat Drumcannon"	"Heavy Bowgun"
7034	"Tetsu Pyrotechnus"	"Heavy Bowgun"
7035	"Tetsu Pyropinnacle"	"Heavy Bowgun"
7036	"Queen's Longfire"	"Heavy Bowgun"
7037	"Queen's Farflier"	"Heavy Bowgun"
7038	"Queen's Scionfire"	"Heavy Bowgun"
7039	"Empress's Blossom"	"Heavy Bowgun"
7040	"Empress's Flower"	"Heavy Bowgun"
7041	"Empress's Doublefleur"	"Heavy Bowgun"
7042	"Arzuros Gun"	"Heavy Bowgun"
7043	"Arzuros Gun+"	"Heavy Bowgun"
7044	"Power Stinger"	"Heavy Bowgun"
7045	"Power Stinger+"	"Heavy Bowgun"
7046	"Wild Stinger"	"Heavy Bowgun"
7047	"Burst Stinker"	"Heavy Bowgun"
7048	"Fatal Stinker"	"Heavy Bowgun"
7049	"Ner Bustergun"	"Heavy Bowgun"
7050	"Ner Bustergun+"	"Heavy Bowgun"
7051	"Buster Blaster"	"Heavy Bowgun"
7052	"Buster Blaster+"	"Heavy Bowgun"
7053	"Nightfall Blaster"	"Heavy Bowgun"
7054	"Vampyr Blaster"	"Heavy Bowgun"
7055	"Gravios Howl"	"Heavy Bowgun"
7056	"Gravios Gigahowl"	"Heavy Bowgun"
7057	"Gravios Roar"	"Heavy Bowgun"
7058	"Gravios Gigaroar"	"Heavy Bowgun"
7059	"Gravios Gigacannon"	"Heavy Bowgun"
7060	"Pressurized Plaser"	"Heavy Bowgun"
7061	"Pressurized Plaser+"	"Heavy Bowgun"
7062	"Pluripotent Plaser"	"Heavy Bowgun"
7063	"Verdant Washbuckler"	"Heavy Bowgun"
7064	"Captain Verde"	"Heavy Bowgun"
7065	"Mightning"	"Heavy Bowgun"
7066	"Loyal Thunder"	"Heavy Bowgun"
7067	"Oppressor's Wedge"	"Heavy Bowgun"
7068	"Orcus Quarcus"	"Heavy Bowgun"
7069	"Brimstren Drakemouth"	"Heavy Bowgun"
7070	"Stygian Humilitas"	"Heavy Bowgun"
7071	"Tigrex Howl"	"Heavy Bowgun"
7072	"Tigrex Skull"	"Heavy Bowgun"
7073	"Accursed Roar"	"Heavy Bowgun"
7074	"Accursed Bellow"	"Heavy Bowgun"
7075	"Accursed Bellow+"	"Heavy Bowgun"
7076	"Gravecannon"	"Heavy Bowgun"
7077	"Furious Gravecannon"	"Heavy Bowgun"
7078	"Furious Gravecannon+"	"Heavy Bowgun"
7079	"Livid Griscannon"	"Heavy Bowgun"
7080	"Dios Cannon"	"Heavy Bowgun"
7081	"Dios Cannon+"	"Heavy Bowgun"
7082	"Demolition Cannon"	"Heavy Bowgun"
7083	"Haize Demolisher"	"Heavy Bowgun"
7084	"Lightbreak Cannon"	"Heavy Bowgun"
7085	"Dual Threat"	"Heavy Bowgun"
7086	"Diablazooka"	"Heavy Bowgun"
7087	"Nero's Blazooka"	"Heavy Bowgun"
7088	"Griffon Blazooka"	"Heavy Bowgun"
7089	"Peerless"	"Heavy Bowgun"
7090	"Masterless"	"Heavy Bowgun"
7091	"Arahabaki"	"Heavy Bowgun"
7092	"Utsurowazaru"	"Heavy Bowgun"
7093	"Eigoh"	"Heavy Bowgun"
7094	"Bone Buster"	"Heavy Bowgun"
7095	"Bone Blaster"	"Heavy Bowgun"
7096	"Bone Blaster+"	"Heavy Bowgun"
7097	"Cartilage Blaster"	"Heavy Bowgun"
7098	"Crab Buster"	"Heavy Bowgun"
7099	"Heavy Crab Buster"	"Heavy Bowgun"
7100	"Violet Punisher"	"Heavy Bowgun"
7101	"Agnablaster"	"Heavy Bowgun"
7102	"Agnablazer"	"Heavy Bowgun"
7103	"Agna Magnum"	"Heavy Bowgun"
7104	"Agna Scorpion"	"Heavy Bowgun"
7105	"Bear Barrel"	"Heavy Bowgun"
7106	"Arbearalest"	"Heavy Bowgun"
7107	"Arzuros Ozeki"	"Heavy Bowgun"
7108	"Arzuros Yokozuna"	"Heavy Bowgun"
7109	"Tropeco Gun"	"Heavy Bowgun"
7110	"Pecopious Gun"	"Heavy Bowgun"
7111	"Pecopious Thunder"	"Heavy Bowgun"
7112	"Precision Pico Peco"	"Heavy Bowgun"
7113	"Tödlicher Abzug"	"Heavy Bowgun"
7114	"Le Désastre"	"Heavy Bowgun"
7115	"La Foi"	"Heavy Bowgun"
7116	"Le Déluge"	"Heavy Bowgun"
7117	"Bite Blaster"	"Heavy Bowgun"
7118	"Biting Blast"	"Heavy Bowgun"
7119	"Ravager Blast"	"Heavy Bowgun"
7120	"Yellow Buster"	"Heavy Bowgun"
7121	"Azure Blast"	"Heavy Bowgun"
7122	"Azure Buster"	"Heavy Bowgun"
7123	"Monodevilcaster"	"Heavy Bowgun"
7124	"Monodevilcaster+"	"Heavy Bowgun"
7125	"Monodevilblaster"	"Heavy Bowgun"
7126	"Sayyad Cannon"	"Heavy Bowgun"
7127	"Sayyad Cannon+"	"Heavy Bowgun"
7128	"Seditious Cannon"	"Heavy Bowgun"
7129	"Furia Sedition"	"Heavy Bowgun"
7130	"Daora's Delphinidae"	"Heavy Bowgun"
7131	"Daora Grande"	"Heavy Bowgun"
7132	"Daora's Ceti"	"Heavy Bowgun"
7133	"Teostra's Artillery"	"Heavy Bowgun"
7134	"Teostra's Flames"	"Heavy Bowgun"
7135	"Teostra's Firestorm"	"Heavy Bowgun"
7136	"Lunastra's Cannon"	"Heavy Bowgun"
7137	"Lunastra's Flames"	"Heavy Bowgun"
7138	"Lunastra's Firestorm"	"Heavy Bowgun"
7139	"Caudalbone Crook"	"Heavy Bowgun"
7140	"The Omnipotent Blast"	"Heavy Bowgun"
7141	"Robert the Vortex"	"Heavy Bowgun"
7142	"Dalamadur Cannon"	"Heavy Bowgun"
7143	"Militant Dalamadur"	"Heavy Bowgun"
7144	"Chaos Wing"	"Heavy Bowgun"
7145	"Albadash"	"Heavy Bowgun"
7146	"Altheos Aetheria"	"Heavy Bowgun"
7147	"Vor Cannon"	"Heavy Bowgun"
7148	"Vor Buster"	"Heavy Bowgun"
7149	"Vor Blaster"	"Heavy Bowgun"
7150	"Akantor Cannon"	"Heavy Bowgun"
7151	"Akantor Skysounder"	"Heavy Bowgun"
7152	"Ukanlos Cannon"	"Heavy Bowgun"
7153	"Ukanlos Skyblaster"	"Heavy Bowgun"
7154	"Verrat/Foi"	"Heavy Bowgun"
7155	"Kamaeleon"	"Heavy Bowgun"
7156	"Eldaora's Delphinidae"	"Heavy Bowgun"
7157	"Trembling Lordship"	"Heavy Bowgun"
7158	"Destiny's Arm"	"Heavy Bowgun"
7159	"Fatalis Enslaver"	"Heavy Bowgun"
7160	"Hunter's Bow I"	"Bow"
7161	"Hunter's Bow II"	"Bow"
7162	"Hunter's Bow III"	"Bow"
7163	"Hunter's Stoutbow I"	"Bow"
7164	"Hunter's Stoutbow II"	"Bow"
7165	"Hunter's Stoutbow III"	"Bow"
7166	"Icicle Bow I"	"Bow"
7167	"Icicle Bow II"	"Bow"
7168	"Icicle Bow III"	"Bow"
7169	"Névé Bow"	"Bow"
7170	"Dios Flier"	"Bow"
7171	"Dios Flier+"	"Bow"
7172	"Demolition Bow"	"Bow"
7173	"Warflare Demolisher"	"Bow"
7174	"Lightbreak Bow"	"Bow"
7175	"Queen Blaster I"	"Bow"
7176	"Queen Blaster II"	"Bow"
7177	"Heartshot Bow I"	"Bow"
7178	"Heartshot Bow II"	"Bow"
7179	"Selene Moonbroken"	"Bow"
7180	"Selene Moonbroken+"	"Bow"
7181	"Artemis Moonmaker"	"Bow"
7182	"Heat Haze"	"Bow"
7183	"Hulking Haze"	"Bow"
7184	"Feminine Haze"	"Bow"
7185	"Formidable Haze"	"Bow"
7186	"Absolute Deviance"	"Bow"
7187	"Gold Popillia"	"Bow"
7188	"Golden Ray"	"Bow"
7189	"Kut-Ku Stave I"	"Bow"
7190	"Kut-Ku Stave II"	"Bow"
7191	"Kut-Ku Stave III"	"Bow"
7192	"Blue Kut-Ku Stave I"	"Bow"
7193	"Blue Kut-Ku Stave II"	"Bow"
7194	"Blue Kut-Ku Stave III"	"Bow"
7195	"Blue Kut-Ku Stave IV"	"Bow"
7196	"Crow Bow"	"Bow"
7197	"Wolf Bow"	"Bow"
7198	"Jinx Bow"	"Bow"
7199	"Pox Bow"	"Bow"
7200	"Garuga Oyumi"	"Bow"
7201	"Wild Bow"	"Bow"
7202	"Wild Power Bow I"	"Bow"
7203	"Wild Power Bow II"	"Bow"
7204	"Jungle Bow I"	"Bow"
7205	"Jungle Bow II"	"Bow"
7206	"Jungle Bow III"	"Bow"
7207	"Jungle Bow IV"	"Bow"
7208	"Tigrex Archer"	"Bow"
7209	"Tigrex Whisker"	"Bow"
7210	"Accursed Bow"	"Bow"
7211	"Piercing Gravebow"	"Bow"
7212	"Piercing Gravebow+"	"Bow"
7213	"Soaring Grisbow"	"Bow"
7214	"Blue Alighter I"	"Bow"
7215	"Blue Alighter II"	"Bow"
7216	"Ice Cold Alighter"	"Bow"
7217	"Freezing Alighter"	"Bow"
7218	"Freezing Alighter+"	"Bow"
7219	"Hailstorm"	"Bow"
7220	"Quartzlight"	"Bow"
7221	"Crystal Lode"	"Bow"
7222	"Khezu Bow I"	"Bow"
7223	"Khezu Bow II"	"Bow"
7224	"Khezu Bow III"	"Bow"
7225	"Bloodcurdler"	"Bow"
7226	"Bloodcurdler+"	"Bow"
7227	"Splattika"	"Bow"
7228	"Scylla Fist I"	"Bow"
7229	"Scylla Fist II"	"Bow"
7230	"Scylla Weave I"	"Bow"
7231	"Scylla Weave II"	"Bow"
7232	"Scylla Shredder"	"Bow"
7233	"Scylla Webdart"	"Bow"
7234	"Weblivion"	"Bow"
7235	"Wide Weblivion"	"Bow"
7236	"Morsel Bowfish"	"Bow"
7237	"Ample Bowfish"	"Bow"
7238	"Viand Bowfish"	"Bow"
7239	"Prominence Bow I"	"Bow"
7240	"Prominence Bow II"	"Bow"
7241	"Prominence Bow III"	"Bow"
7242	"Hyperion"	"Bow"
7243	"Hyperion+"	"Bow"
7244	"Uranus Herald"	"Bow"
7245	"Distant Thunder I"	"Bow"
7246	"Distant Thunder II"	"Bow"
7247	"Despot's Earlybolt"	"Bow"
7248	"Oppressor's Wing"	"Bow"
7249	"Orcus Sagittus"	"Bow"
7250	"Brimstren Drakegaze"	"Bow"
7251	"Brimstren Drakeglare"	"Bow"
7252	"Stygian Patientia"	"Bow"
7253	"Charonian Patientia"	"Bow"
7254	"Entbehrung"	"Bow"
7255	"Verzweiflung"	"Bow"
7256	"Untergang"	"Bow"
7257	"Le Ravisseur"	"Bow"
7258	"Le Désir"	"Bow"
7259	"L'Innocence"	"Bow"
7260	"Kelbi Stingshot"	"Bow"
7261	"Kelbi Strongshot"	"Bow"
7262	"Kelbi Strongshot+"	"Bow"
7263	"Great Kelbi Deershot"	"Bow"
7264	"Supplication"	"Bow"
7265	"Tsukuyomi"	"Bow"
7266	"Amenokago"	"Bow"
7267	"Tamanoya"	"Bow"
7268	"Daimyo's Warbow I"	"Bow"
7269	"Daimyo's Warbow II"	"Bow"
7270	"Daimyo's Warbow III"	"Bow"
7271	"Great Purple Emperor I"	"Bow"
7272	"Great Purple Emperor II"	"Bow"
7273	"Arca Raptora"	"Bow"
7274	"Amnis"	"Bow"
7275	"Fluctus"	"Bow"
7276	"Brazencord"	"Bow"
7277	"Gigacles"	"Bow"
7278	"Gigantomachy"	"Bow"
7279	"Shalya Bow"	"Bow"
7280	"Shalya Bow+"	"Bow"
7281	"Seditious Arrow"	"Bow"
7282	"Kama Sedition"	"Bow"
7283	"Beast Thunderbow"	"Bow"
7284	"Beastking Thunderbow"	"Bow"
7285	"Archbeast Thunderbow"	"Bow"
7286	"Archbeast Paragon"	"Bow"
7287	"Icesteel Bow"	"Bow"
7288	"Daora's Sagittarii"	"Bow"
7289	"Daora's Toxotes"	"Bow"
7290	"Cradlecrush Embrace"	"Bow"
7291	"The Keen Stratagem"	"Bow"
7292	"Yoichi the Sighted"	"Bow"
7293	"Dalamadur Bow"	"Bow"
7294	"Enraged Dalamadur"	"Bow"
7295	"Bow of Hope & Valor"	"Bow"
7296	"Courageous Wish"	"Bow"
7297	"Prayerful Victoria"	"Bow"
7298	"Prayerful Victoria+"	"Bow"
7299	"Heedful Elizabeth"	"Bow"
7300	"Akantor Bow"	"Bow"
7301	"Akantor Chaos Bow"	"Bow"
7302	"Ukanlos Bow"	"Bow"
7303	"Ukanlos Skyflier"	"Bow"
7304	"Bow of Rack & Ruin"	"Bow"
7305	"Exterminator Bow II"	"Bow"
7306	"Diablos Coilbender"	"Bow"
7307	"Cera Cyclord"	"Bow"
7308	"Verzweiflung/Désir"	"Bow"
7309	"Genie's Grimoire"	"Bow"
7310	"Eldaora's Sagittarii"	"Bow"
7311	"Unwelcoming Gaol"	"Bow"
7312	"Calamitous Cupid"	"Bow"
7313	"Red Heaven Ruiner"	"Bow"
7314	"Victory and Glory"	"Bow"
7315	"Bamboo Taketori"	"Bow"
7316	"Bamboo Okina"	"Bow"
7317	"Bamboo Kaguya"	"Bow"
7318	"カブト"	"Bow"
7319	"黒カブト"	"Bow"
7320	"Hero's Bow"	"Bow"
7321	"Sacred Bow"	"Bow"
7322	"Sacred Bow G"	"Bow"
7323	"Seahorse Harp"	"Bow"
7324	"Emperor's Speech"	"Hunting Horn"
